[{"pk": 1, "model": "core.course", "fields": {"department": "M", "semester": "F", "number": 215, "name": "Linear Algebra", "year": 1995}}, {"pk": 2, "model": "core.course", "fields": {"department": "C", "semester": "U", "number": 1, "name": "Learning Perl", "year": 1996}}, {"pk": 3, "model": "core.course", "fields": {"department": "M", "semester": "F", "number": 1, "name": "Basic Algebra", "year": 1993}}, {"pk": 1, "model": "core.section", "fields": {"category": "L", "course": 1, "number": 1, "title": "Vectors in 2- and 3-space"}}, {"pk": 2, "model": "core.section", "fields": {"category": "L", "course": 1, "number": 2, "title": "Dot Products and Projections"}}, {"pk": 3, "model": "core.section", "fields": {"category": "L", "course": 1, "number": 3, "title": "Lines and Planes in 3-space"}}, {"pk": 4, "model": "core.section", "fields": {"category": "L", "course": 1, "number": 4, "title": "Systems of Linear Equations"}}, {"pk": 5, "model": "core.section", "fields": {"category": "L", "course": 1, "number": 5, "title": "Matrices"}}, {"pk": 6, "model": "core.section", "fields": {"category": "L", "course": 1, "number": 6, "title": "Inverses"}}, {"pk": 7, "model": "core.section", "fields": {"category": "L", "course": 1, "number": 7, "title": "Elementary Matrices and Row Opeartions"}}, {"pk": 8, "model": "core.section", "fields": {"category": "L", "course": 1, "number": 8, "title": "Main Theorem on Invertibility"}}, {"pk": 9, "model": "core.section", "fields": {"category": "L", "course": 1, "number": 9, "title": "Diagonal, Triangular and Symmetric Matrices"}}, {"pk": 10, "model": "core.section", "fields": {"category": "L", "course": 1, "number": 10, "title": "The Determinant Function"}}, {"pk": 11, "model": "core.section", "fields": {"category": "L", "course": 1, "number": 11, "title": "Evaluating Determinants"}}, {"pk": 12, "model": "core.section", "fields": {"category": "L", "course": 1, "number": 12, "title": "Properties of Determinants"}}, {"pk": 13, "model": "core.section", "fields": {"category": "L", "course": 1, "number": 13, "title": "Cofactor Expansion and Cramer's Rule"}}, {"pk": 14, "model": "core.section", "fields": {"category": "L", "course": 1, "number": 14, "title": "Cross Product"}}, {"pk": 15, "model": "core.section", "fields": {"category": "L", "course": 1, "number": 15, "title": "Euclidean $n$-space"}}, {"pk": 16, "model": "core.section", "fields": {"category": "L", "course": 1, "number": 16, "title": "Linear Transformations of Euclidean $n$-space"}}, {"pk": 17, "model": "core.section", "fields": {"category": "L", "course": 1, "number": 17, "title": "Properties of Linear Transformations"}}, {"pk": 18, "model": "core.section", "fields": {"category": "L", "course": 1, "number": 18, "title": "Real Vector Spaces"}}, {"pk": 19, "model": "core.section", "fields": {"category": "L", "course": 1, "number": 19, "title": "Subspaces"}}, {"pk": 20, "model": "core.section", "fields": {"category": "L", "course": 1, "number": 20, "title": "Linear Independence"}}, {"pk": 21, "model": "core.section", "fields": {"category": "L", "course": 1, "number": 21, "title": "Basis and Dimension"}}, {"pk": 22, "model": "core.section", "fields": {"category": "L", "course": 1, "number": 22, "title": "Row Space, Column Space and Nullspace"}}, {"pk": 23, "model": "core.section", "fields": {"category": "L", "course": 1, "number": 23, "title": "Rank and Nullity"}}, {"pk": 24, "model": "core.section", "fields": {"category": "L", "course": 1, "number": 24, "title": "Inner Product Spaces"}}, {"pk": 25, "model": "core.section", "fields": {"category": "L", "course": 1, "number": 25, "title": "Orthogonality"}}, {"pk": 26, "model": "core.section", "fields": {"category": "L", "course": 1, "number": 26, "title": "Orthonormal Bases"}}, {"pk": 27, "model": "core.section", "fields": {"category": "L", "course": 1, "number": 27, "title": "Best Approximation and Least Squares"}}, {"pk": 28, "model": "core.section", "fields": {"category": "L", "course": 1, "number": 28, "title": "Orthogonal Matrices and Change of Basis"}}, {"pk": 29, "model": "core.section", "fields": {"category": "L", "course": 1, "number": 29, "title": "Eigenvalues and Eigenvectors"}}, {"pk": 30, "model": "core.section", "fields": {"category": "L", "course": 1, "number": 30, "title": "Diagonalization"}}, {"pk": 31, "model": "core.section", "fields": {"category": "L", "course": 1, "number": 31, "title": "Orthogonal Diagonalization"}}, {"pk": 32, "model": "core.section", "fields": {"category": "L", "course": 1, "number": 32, "title": "Approximation and Fourier Series"}}, {"pk": 33, "model": "core.section", "fields": {"category": "L", "course": 1, "number": 33, "title": "General Linear Transformations"}}, {"pk": 34, "model": "core.section", "fields": {"category": "L", "course": 1, "number": 34, "title": "Kernel and Range"}}, {"pk": 35, "model": "core.section", "fields": {"category": "L", "course": 1, "number": 35, "title": "Inverse Linear Transformations"}}, {"pk": 36, "model": "core.section", "fields": {"category": "L", "course": 1, "number": 36, "title": "Matrices of General Linear Transformations"}}, {"pk": 37, "model": "core.section", "fields": {"category": "L", "course": 1, "number": 37, "title": "Similarity"}}, {"pk": 38, "model": "core.section", "fields": {"category": "L", "course": 1, "number": 38, "title": "Quadratic Forms"}}, {"pk": 39, "model": "core.section", "fields": {"category": "L", "course": 1, "number": 39, "title": "Diagonalizing Quadratic Forms; Conic Sections"}}, {"pk": 40, "model": "core.section", "fields": {"category": "L", "course": 1, "number": 40, "title": "Quadric Surfaces"}}, {"pk": 41, "model": "core.section", "fields": {"category": "L", "course": 3, "number": 1, "title": "Number Properties"}}, {"pk": 42, "model": "core.section", "fields": {"category": "L", "course": 3, "number": 2, "title": "Equations"}}, {"pk": 43, "model": "core.section", "fields": {"category": "L", "course": 3, "number": 3, "title": "Exponents"}}, {"pk": 44, "model": "core.section", "fields": {"category": "L", "course": 3, "number": 4, "title": "Roots"}}, {"pk": 45, "model": "core.section", "fields": {"category": "L", "course": 3, "number": 5, "title": "Algebraic Equations"}}, {"pk": 46, "model": "core.section", "fields": {"category": "L", "course": 3, "number": 6, "title": "Functions"}}, {"pk": 47, "model": "core.section", "fields": {"category": "L", "course": 3, "number": 7, "title": "Graphs"}}, {"pk": 48, "model": "core.section", "fields": {"category": "L", "course": 3, "number": 8, "title": "Systems of Two Equations"}}, {"pk": 49, "model": "core.section", "fields": {"category": "L", "course": 3, "number": 9, "title": "Quadratic Equations"}}, {"pk": 50, "model": "core.section", "fields": {"category": "L", "course": 3, "number": 10, "title": "Conics"}}, {"pk": 51, "model": "core.section", "fields": {"category": "L", "course": 3, "number": 11, "title": "Polynomials"}}, {"pk": 52, "model": "core.section", "fields": {"category": "L", "course": 3, "number": 12, "title": "Series"}}, {"pk": 53, "model": "core.section", "fields": {"category": "L", "course": 3, "number": 13, "title": "Permutations, Combinations and the Binomial Formula"}}, {"pk": 54, "model": "core.section", "fields": {"category": "L", "course": 3, "number": 14, "title": "Induction"}}, {"pk": 55, "model": "core.section", "fields": {"category": "L", "course": 3, "number": 15, "title": "Exponentials and Logarithms"}}, {"pk": 56, "model": "core.section", "fields": {"category": "L", "course": 3, "number": 16, "title": "Multiple Equations"}}, {"pk": 57, "model": "core.section", "fields": {"category": "L", "course": 3, "number": 17, "title": "Matrices and Determinants"}}, {"pk": 58, "model": "core.section", "fields": {"category": "L", "course": 3, "number": 18, "title": "Complex Numbers"}}, {"pk": 1, "model": "core.book", "fields": {"edition": "", "author": "Howard Anton", "title": "Elementary Linear Algebra"}}, {"pk": 2, "model": "core.book", "fields": {"edition": "1st", "author": "Douglas Downing", "title": "Algebra the Easy Way"}}, {"pk": 3, "model": "core.book", "fields": {"edition": "", "author": "Theodore Shifrin", "title": "Abstract Algebra: A Geometric Approach"}}, {"pk": 1, "model": "core.concept", "fields": {"section": 1, "name": "Geometric Vectors"}}, {"pk": 2, "model": "core.concept", "fields": {"section": 1, "name": "Geometry of Vector Arithmetic"}}, {"pk": 3, "model": "core.concept", "fields": {"section": 1, "name": "Vectors in Coordinate Systems"}}, {"pk": 4, "model": "core.concept", "fields": {"section": 1, "name": "Translation of Axes"}}, {"pk": 5, "model": "core.concept", "fields": {"section": 1, "name": "8 properties of vectors in 2- or 3-space"}}, {"pk": 6, "model": "core.concept", "fields": {"section": 1, "name": "Norm of a vector"}}, {"pk": 7, "model": "core.concept", "fields": {"section": 1, "name": "Unit Vectors"}}, {"pk": 8, "model": "core.concept", "fields": {"section": 1, "name": "Distance between vectors"}}, {"pk": 9, "model": "core.concept", "fields": {"section": 3, "name": "Planes in 3-space"}}, {"pk": 10, "model": "core.concept", "fields": {"section": 3, "name": "General form of equation of a plane in 3-space"}}, {"pk": 11, "model": "core.concept", "fields": {"section": 3, "name": "Vector Form of the equation of a plane"}}, {"pk": 12, "model": "core.concept", "fields": {"section": 3, "name": "Parametric equations for lines in 3-space"}}, {"pk": 13, "model": "core.concept", "fields": {"section": 3, "name": "Vector form of the equation of a line"}}, {"pk": 14, "model": "core.concept", "fields": {"section": 3, "name": "Distance between a point and a plane."}}, {"pk": 15, "model": "core.concept", "fields": {"section": 3, "name": "Distance between 2 parallel planes"}}, {"pk": 16, "model": "core.concept", "fields": {"section": 2, "name": "Dot Product of Vectors"}}, {"pk": 17, "model": "core.concept", "fields": {"section": 2, "name": "Component formula for the dot product of vectors"}}, {"pk": 18, "model": "core.concept", "fields": {"section": 2, "name": "Finding the angle between vectors"}}, {"pk": 19, "model": "core.concept", "fields": {"section": 2, "name": "Orthogonal vectors"}}, {"pk": 20, "model": "core.concept", "fields": {"section": 2, "name": "4 properties of dot products of vectors in 2- and 3-space"}}, {"pk": 21, "model": "core.concept", "fields": {"section": 2, "name": "orthogonal projections"}}, {"pk": 22, "model": "core.concept", "fields": {"section": 2, "name": "complement of orthogonal projection"}}, {"pk": 23, "model": "core.concept", "fields": {"section": 4, "name": "Linear Systems"}}, {"pk": 24, "model": "core.concept", "fields": {"section": 4, "name": "Elementary Row Operations"}}, {"pk": 25, "model": "core.concept", "fields": {"section": 4, "name": "Reduced Row-Echelon Form"}}, {"pk": 26, "model": "core.concept", "fields": {"section": 4, "name": "Gaussian Elimination"}}, {"pk": 27, "model": "core.concept", "fields": {"section": 4, "name": "Back-Substitution"}}, {"pk": 28, "model": "core.concept", "fields": {"section": 4, "name": "Homogeneous Linear Systems"}}, {"pk": 29, "model": "core.concept", "fields": {"section": 4, "name": "For a H.L.S. where unknowns > equations implies infinitely many solutions."}}, {"pk": 30, "model": "core.concept", "fields": {"section": 5, "name": "Matrices"}}, {"pk": 31, "model": "core.concept", "fields": {"section": 5, "name": "Matrix Arithmetic (not including multiplication)"}}, {"pk": 32, "model": "core.concept", "fields": {"section": 5, "name": "Matrix Multiplication"}}, {"pk": 33, "model": "core.concept", "fields": {"section": 5, "name": "Partition matrices and multiplication"}}, {"pk": 34, "model": "core.concept", "fields": {"section": 5, "name": "Transpose of a matrix"}}, {"pk": 35, "model": "core.concept", "fields": {"section": 5, "name": "Trace of a matrix"}}, {"pk": 36, "model": "core.concept", "fields": {"section": 6, "name": "Invertibility of a transpose"}}, {"pk": 37, "model": "core.concept", "fields": {"section": 6, "name": "13 properties of matrix arithmetic"}}, {"pk": 38, "model": "core.concept", "fields": {"section": 6, "name": "zero matrix and identity properties"}}, {"pk": 39, "model": "core.concept", "fields": {"section": 6, "name": "Identity matrix and identity properties"}}, {"pk": 40, "model": "core.concept", "fields": {"section": 6, "name": "inverse of a matrix"}}, {"pk": 41, "model": "core.concept", "fields": {"section": 6, "name": "An invertible matrix has exactly one inverse"}}, {"pk": 42, "model": "core.concept", "fields": {"section": 6, "name": "Inverses of AB"}}, {"pk": 43, "model": "core.concept", "fields": {"section": 6, "name": "powers of a matrix"}}, {"pk": 44, "model": "core.concept", "fields": {"section": 6, "name": "Properties of the transpose"}}, {"pk": 45, "model": "core.concept", "fields": {"section": 7, "name": "Elementary matrices"}}, {"pk": 46, "model": "core.concept", "fields": {"section": 7, "name": "Relationship b/w elementary matrices, H.L.S, invertibility and r.r-e form."}}, {"pk": 47, "model": "core.concept", "fields": {"section": 7, "name": "Row equivalence"}}, {"pk": 48, "model": "core.concept", "fields": {"section": 7, "name": "Algorithm for matrix inversion via Gaussian elemination"}}, {"pk": 49, "model": "core.concept", "fields": {"section": 8, "name": "System of linear equations have 0, 1 or $\\infty$ solutions"}}, {"pk": 50, "model": "core.concept", "fields": {"section": 8, "name": "Right or left inverses suffice"}}, {"pk": 51, "model": "core.concept", "fields": {"section": 8, "name": "Main theorem on inveritibilty v2"}}, {"pk": 52, "model": "core.concept", "fields": {"section": 9, "name": "Diagonal Matrices"}}, {"pk": 53, "model": "core.concept", "fields": {"section": 9, "name": "Triangular matrices and invertibility"}}, {"pk": 54, "model": "core.concept", "fields": {"section": 9, "name": "Symmetric matrices and inverses"}}, {"pk": 55, "model": "core.concept", "fields": {"section": 9, "name": "Matrices of the form $AA^T$ or $A^TA$"}}, {"pk": 56, "model": "core.concept", "fields": {"section": 10, "name": "Permutations basics (enough for determinants)"}}, {"pk": 57, "model": "core.concept", "fields": {"section": 10, "name": "Definition of a determinant in terms of signed elementary products"}}, {"pk": 58, "model": "core.concept", "fields": {"section": 10, "name": "Determinant function"}}, {"pk": 59, "model": "core.concept", "fields": {"section": 10, "name": "$2\\times2$ and $3\\times3$ determinant formula"}}, {"pk": 60, "model": "core.concept", "fields": {"section": 11, "name": "Det lemma: row or column of zeros imply det = 0"}}, {"pk": 61, "model": "core.concept", "fields": {"section": 11, "name": "Determinant of triangular matrices"}}, {"pk": 62, "model": "core.concept", "fields": {"section": 11, "name": "Effect of elementary row operations on a determinant"}}, {"pk": 63, "model": "core.concept", "fields": {"section": 11, "name": "Determinants of elementary matrices"}}, {"pk": 64, "model": "core.concept", "fields": {"section": 11, "name": "Determinants calculated by row reduction"}}, {"pk": 65, "model": "core.concept", "fields": {"section": 12, "name": "Det of sums and scalar products"}}, {"pk": 66, "model": "core.concept", "fields": {"section": 12, "name": "Determinant of matrix product via elementary decomposition"}}, {"pk": 67, "model": "core.concept", "fields": {"section": 12, "name": "Determinant test for invertibility"}}, {"pk": 68, "model": "core.concept", "fields": {"section": 12, "name": "Systems of the form $Ax = \\lambda x$"}}, {"pk": 69, "model": "core.concept", "fields": {"section": 13, "name": "Minors and Cofactors"}}, {"pk": 70, "model": "core.concept", "fields": {"section": 13, "name": "Determinants via Cofactor expansion"}}, {"pk": 71, "model": "core.concept", "fields": {"section": 13, "name": "Adjoint of a matrix"}}, {"pk": 72, "model": "core.concept", "fields": {"section": 13, "name": "Adjoint formula for the inverse of a matrix - a theoretical formula"}}, {"pk": 73, "model": "core.concept", "fields": {"section": 13, "name": "Cramer's Rule"}}, {"pk": 74, "model": "core.concept", "fields": {"section": 13, "name": "Application of adjoint formula to triangular matrices"}}, {"pk": 75, "model": "core.concept", "fields": {"section": 14, "name": "Cross product of vectors"}}, {"pk": 76, "model": "core.concept", "fields": {"section": 14, "name": "Basic properties of cross products"}}, {"pk": 77, "model": "core.concept", "fields": {"section": 14, "name": "Determinant formula for cross product"}}, {"pk": 78, "model": "core.concept", "fields": {"section": 14, "name": "Geometric interpretation of cross product"}}, {"pk": 79, "model": "core.concept", "fields": {"section": 14, "name": "Scalar triple product"}}, {"pk": 80, "model": "core.concept", "fields": {"section": 14, "name": "Geometric interpretation of determinants"}}, {"pk": 81, "model": "core.concept", "fields": {"section": 14, "name": "independence of cross products and coordinates"}}, {"pk": 82, "model": "core.concept", "fields": {"section": 15, "name": "Vectors in $n$-space"}}, {"pk": 83, "model": "core.concept", "fields": {"section": 15, "name": "8 basic properties of $n$-space"}}, {"pk": 84, "model": "core.concept", "fields": {"section": 15, "name": "Euclidean inner-product and it's basic properties"}}, {"pk": 85, "model": "core.concept", "fields": {"section": 15, "name": "Norm and distance in Euclidean $n$-space"}}, {"pk": 86, "model": "core.concept", "fields": {"section": 15, "name": "Cauchy-Schwarz Inequality in $\\mathbf{R}^n$"}}, {"pk": 87, "model": "core.concept", "fields": {"section": 15, "name": "Basic properties of norm and distance in Euclidean $n$-space"}}, {"pk": 88, "model": "core.concept", "fields": {"section": 15, "name": "Orthogonality in Euclidean $n$-space"}}, {"pk": 89, "model": "core.concept", "fields": {"section": 15, "name": "Theorem of Pythagoras for $\\mathbb{R}^n$"}}, {"pk": 90, "model": "core.concept", "fields": {"section": 15, "name": "A dot product view of matrix multiplication"}}, {"pk": 91, "model": "core.concept", "fields": {"section": 16, "name": "Review of Functions from $\\mathbb{R}^n \\to $\\mathbb{R}$"}}, {"pk": 92, "model": "core.concept", "fields": {"section": 16, "name": "Functions from $\\mathbb{R}^n \\to $\\mathbb{R}^m$"}}, {"pk": 93, "model": "core.concept", "fields": {"section": 16, "name": "LInear transformations"}}, {"pk": 94, "model": "core.concept", "fields": {"section": 16, "name": "Projection Operators"}}, {"pk": 95, "model": "core.concept", "fields": {"section": 16, "name": "Rotation Operators"}}, {"pk": 96, "model": "core.concept", "fields": {"section": 16, "name": "Dilation and Contraction Operators"}}, {"pk": 97, "model": "core.concept", "fields": {"section": 16, "name": "Composition of Linear Transformations"}}, {"pk": 98, "model": "core.concept", "fields": {"section": 17, "name": "One-to-one linear transformations and relation to underlying matrix"}}, {"pk": 99, "model": "core.concept", "fields": {"section": 17, "name": "Inverse of a one-to-one linear operator"}}, {"pk": 100, "model": "core.concept", "fields": {"section": 17, "name": "Linearity properties"}}, {"pk": 101, "model": "core.concept", "fields": {"section": 17, "name": "Representation of matrix in terms of images of standard basis vectors"}}, {"pk": 102, "model": "core.concept", "fields": {"section": 17, "name": "Geometric interpretation of Eigenvectors"}}, {"pk": 103, "model": "core.concept", "fields": {"section": 18, "name": "Axioms of Real vector spaces"}}, {"pk": 104, "model": "core.concept", "fields": {"section": 18, "name": "Examples of various vectors spaces and non-spaces"}}, {"pk": 105, "model": "core.concept", "fields": {"section": 18, "name": "properties of 0 and -1 in a vector space"}}, {"pk": 106, "model": "core.concept", "fields": {"section": 19, "name": "Definition of a subspace"}}, {"pk": 107, "model": "core.concept", "fields": {"section": 19, "name": "Examples of subspaces"}}, {"pk": 108, "model": "core.concept", "fields": {"section": 19, "name": "Solution space of H.L.S. as a subspace"}}, {"pk": 109, "model": "core.concept", "fields": {"section": 19, "name": "Linear combinations of vectors"}}, {"pk": 110, "model": "core.concept", "fields": {"section": 19, "name": "Definition of spaning space"}}, {"pk": 111, "model": "core.concept", "fields": {"section": 20, "name": "Definition of Linearly [in]dependent sets"}}, {"pk": 112, "model": "core.concept", "fields": {"section": 20, "name": "Explanation of L.I. in terms of expressibility in L.C."}}, {"pk": 113, "model": "core.concept", "fields": {"section": 20, "name": "Geometric interpretation of L.I."}}, {"pk": 114, "model": "core.concept", "fields": {"section": 20, "name": "Wronskian and linear independence of functions"}}, {"pk": 115, "model": "core.concept", "fields": {"section": 21, "name": "Definition of a basis"}}, {"pk": 116, "model": "core.concept", "fields": {"section": 21, "name": "Coordinates relative to a basis"}}, {"pk": 117, "model": "core.concept", "fields": {"section": 21, "name": "Standard bases"}}, {"pk": 118, "model": "core.concept", "fields": {"section": 21, "name": "Key lemma in proof of well-defined dimension"}}, {"pk": 119, "model": "core.concept", "fields": {"section": 21, "name": "Dimension of a vector space"}}, {"pk": 120, "model": "core.concept", "fields": {"section": 21, "name": "Plus/Minus theorem"}}, {"pk": 121, "model": "core.concept", "fields": {"section": 21, "name": "Dimension and subspaces"}}, {"pk": 122, "model": "core.concept", "fields": {"section": 22, "name": "Definition of Row, Column and nullspaces"}}, {"pk": 123, "model": "core.concept", "fields": {"section": 22, "name": "Relationship between consistent systems and column spaces"}}, {"pk": 124, "model": "core.concept", "fields": {"section": 22, "name": "Relationships between solutions of Ax=b and $Ax=0"}}, {"pk": 125, "model": "core.concept", "fields": {"section": 22, "name": "Effect of elementary row operations on null and row spaces"}}, {"pk": 126, "model": "core.concept", "fields": {"section": 22, "name": "row equivalence preservers L.I."}}, {"pk": 127, "model": "core.concept", "fields": {"section": 22, "name": "Finding row, column and nullspace bases"}}, {"pk": 128, "model": "core.concept", "fields": {"section": 23, "name": "Row space and column space have the same dimension"}}, {"pk": 129, "model": "core.concept", "fields": {"section": 23, "name": "Definition of rank and nullity"}}, {"pk": 130, "model": "core.concept", "fields": {"section": 23, "name": "Dimension theorem (also known as rank-nullity theorem)"}}, {"pk": 131, "model": "core.concept", "fields": {"section": 23, "name": "The Consistency theorem"}}, {"pk": 132, "model": "core.concept", "fields": {"section": 23, "name": "Relationship between rank and consistent linear systems"}}, {"pk": 133, "model": "core.concept", "fields": {"section": 24, "name": "Axioms of a real inner product space"}}, {"pk": 134, "model": "core.concept", "fields": {"section": 24, "name": "Weighted inner products"}}, {"pk": 135, "model": "core.concept", "fields": {"section": 24, "name": "Length and distance in inner product spaces"}}, {"pk": 136, "model": "core.concept", "fields": {"section": 24, "name": "Unit spheres"}}, {"pk": 137, "model": "core.concept", "fields": {"section": 24, "name": "Inner product spaces generated by matrices"}}, {"pk": 138, "model": "core.concept", "fields": {"section": 24, "name": "5 basic properties of inner products"}}, {"pk": 139, "model": "core.concept", "fields": {"section": 25, "name": "Cauchy-Schwarz Inequality in an inner product space"}}, {"pk": 140, "model": "core.concept", "fields": {"section": 25, "name": "4 properties of length and 4 properties of distance in inner product spaces"}}, {"pk": 141, "model": "core.concept", "fields": {"section": 25, "name": "Angle between vectors"}}, {"pk": 142, "model": "core.concept", "fields": {"section": 25, "name": "Orthogonality in inner product spaces"}}, {"pk": 143, "model": "core.concept", "fields": {"section": 25, "name": "Generalized theorem of Pythagoras"}}, {"pk": 144, "model": "core.concept", "fields": {"section": 25, "name": "Orthogonal Complements"}}, {"pk": 145, "model": "core.concept", "fields": {"section": 25, "name": "Geometric link between nullspace and rowspaces"}}, {"pk": 146, "model": "core.concept", "fields": {"section": 26, "name": "Orthogonal or Orthonormal bases"}}, {"pk": 147, "model": "core.concept", "fields": {"section": 26, "name": "Coordinates relative to orthonormal basis"}}, {"pk": 148, "model": "core.concept", "fields": {"section": 26, "name": "Coordinates relative to orthogonal bases"}}, {"pk": 149, "model": "core.concept", "fields": {"section": 26, "name": "Orthogonal projection and the projection theorem"}}, {"pk": 150, "model": "core.concept", "fields": {"section": 26, "name": "Gram-Schmidt process"}}, {"pk": 151, "model": "core.concept", "fields": {"section": 26, "name": "QR-decomposition"}}, {"pk": 152, "model": "core.concept", "fields": {"section": 27, "name": "Best Approximation theorem and orthogonal projection"}}, {"pk": 153, "model": "core.concept", "fields": {"section": 27, "name": "The least squares problem"}}, {"pk": 154, "model": "core.concept", "fields": {"section": 27, "name": "normal systems and the solution of"}}, {"pk": 155, "model": "core.concept", "fields": {"section": 27, "name": "Uniqueness of Least Squares Solutions"}}, {"pk": 156, "model": "core.concept", "fields": {"section": 27, "name": "Orthogonal Projection Operator"}}, {"pk": 157, "model": "core.concept", "fields": {"section": 27, "name": "Least squares solution"}}, {"pk": 158, "model": "core.concept", "fields": {"section": 27, "name": "Least squares fit of a polynomial"}}, {"pk": 159, "model": "core.concept", "fields": {"section": 28, "name": "Orthogonal matrix and three definitions"}}, {"pk": 160, "model": "core.concept", "fields": {"section": 28, "name": "Orthogonal matrices as linear operators"}}, {"pk": 161, "model": "core.concept", "fields": {"section": 28, "name": "Change of basis problem"}}, {"pk": 162, "model": "core.concept", "fields": {"section": 28, "name": "Solution to the change of basis problem"}}, {"pk": 163, "model": "core.concept", "fields": {"section": 28, "name": "Transition matrix"}}, {"pk": 164, "model": "core.concept", "fields": {"section": 28, "name": "Transition matrices are invertible and intepretation of the inverse"}}, {"pk": 165, "model": "core.concept", "fields": {"section": 28, "name": "Transition matrices between orthonormal bases"}}, {"pk": 166, "model": "core.concept", "fields": {"section": 28, "name": "Application to Rotation of Coordinate Axes"}}, {"pk": 167, "model": "core.concept", "fields": {"section": 29, "name": "Review of eigen stuff"}}, {"pk": 168, "model": "core.concept", "fields": {"section": 29, "name": "Eigenvalues of triangular matrices"}}, {"pk": 169, "model": "core.concept", "fields": {"section": 29, "name": "Finding bases for eigenspaces"}}, {"pk": 170, "model": "core.concept", "fields": {"section": 29, "name": "Eigenvalues of the powers of a matrix"}}, {"pk": 171, "model": "core.concept", "fields": {"section": 29, "name": "Eigenvalues and invertibility"}}, {"pk": 172, "model": "core.concept", "fields": {"section": 30, "name": "The Eigenvalue problem"}}, {"pk": 173, "model": "core.concept", "fields": {"section": 30, "name": "The Diagonalization problem"}}, {"pk": 174, "model": "core.concept", "fields": {"section": 30, "name": "Equivalence of Eigenvalue and Diagonalization problem"}}, {"pk": 175, "model": "core.concept", "fields": {"section": 30, "name": "Procedure to diagonalize a matrix"}}, {"pk": 176, "model": "core.concept", "fields": {"section": 30, "name": "Eigenvectors from distinct eigenvalues are L.I."}}, {"pk": 177, "model": "core.concept", "fields": {"section": 30, "name": "Criteria for matrix to be diagonalizable"}}, {"pk": 178, "model": "core.concept", "fields": {"section": 30, "name": "Geometric and algebraic multiplicity"}}, {"pk": 179, "model": "core.concept", "fields": {"section": 31, "name": "Orthogonal eigenvector problem"}}, {"pk": 180, "model": "core.concept", "fields": {"section": 31, "name": "Orthogonal diagonalization problem"}}, {"pk": 181, "model": "core.concept", "fields": {"section": 31, "name": "Orthogonally diagonalizable iff symmetric"}}, {"pk": 182, "model": "core.concept", "fields": {"section": 31, "name": "eigenvectors from different eigenspaces are orthgonal in a symmetric matrix"}}, {"pk": 183, "model": "core.concept", "fields": {"section": 31, "name": "Procedure for diagonalization of symmetric matrices"}}, {"pk": 184, "model": "core.concept", "fields": {"section": 31, "name": "Statement that eigenvalues of symmetric matrix are real, but no proof."}}, {"pk": 185, "model": "core.concept", "fields": {"section": 32, "name": "The Approximation Problem"}}, {"pk": 186, "model": "core.concept", "fields": {"section": 32, "name": "Mean Square error"}}, {"pk": 187, "model": "core.concept", "fields": {"section": 32, "name": "Least Squares Approximation Problem"}}, {"pk": 188, "model": "core.concept", "fields": {"section": 32, "name": "Solution of Least Squares Approximation Problem"}}, {"pk": 189, "model": "core.concept", "fields": {"section": 32, "name": "Fourier Series"}}, {"pk": 190, "model": "core.concept", "fields": {"section": 33, "name": "General Linear Transformation"}}, {"pk": 191, "model": "core.concept", "fields": {"section": 33, "name": "Examples of General Linear Transformations"}}, {"pk": 192, "model": "core.concept", "fields": {"section": 33, "name": "3 Properties of G.L.T."}}, {"pk": 193, "model": "core.concept", "fields": {"section": 33, "name": "Finding linear transformations from images of basis vectors"}}, {"pk": 194, "model": "core.concept", "fields": {"section": 33, "name": "Composition of General linear transformations"}}, {"pk": 195, "model": "core.concept", "fields": {"section": 34, "name": "Definition of Kernel and Range"}}, {"pk": 196, "model": "core.concept", "fields": {"section": 34, "name": "Kernel and Range are subspaces"}}, {"pk": 197, "model": "core.concept", "fields": {"section": 34, "name": "Rank and nullity of G.L.T. relation to rank and nullity of matrix"}}, {"pk": 198, "model": "core.concept", "fields": {"section": 34, "name": "Dimension theorem for G.L.T."}}, {"pk": 199, "model": "core.concept", "fields": {"section": 35, "name": "One-to-one G.L.T."}}, {"pk": 200, "model": "core.concept", "fields": {"section": 35, "name": "Relationship between one-to-one GLT, Kernel and nullity"}}, {"pk": 201, "model": "core.concept", "fields": {"section": 35, "name": "Inverse linear transformation"}}, {"pk": 202, "model": "core.concept", "fields": {"section": 35, "name": "Inverses of compositions of GLT"}}, {"pk": 203, "model": "core.concept", "fields": {"section": 36, "name": "Matrices of Linear Transformations"}}, {"pk": 204, "model": "core.concept", "fields": {"section": 36, "name": "Matrices of Linear Operators"}}, {"pk": 205, "model": "core.concept", "fields": {"section": 36, "name": "Matrices of compositions and inverse transformations of a G.L.T."}}, {"pk": 206, "model": "core.concept", "fields": {"section": 37, "name": "Relationship b/w transition matrices and identity operators"}}, {"pk": 207, "model": "core.concept", "fields": {"section": 37, "name": "Effect of changing bases on matrices of linear operators"}}, {"pk": 208, "model": "core.concept", "fields": {"section": 37, "name": "Definition of similar matrices"}}, {"pk": 209, "model": "core.concept", "fields": {"section": 37, "name": "Examples of similarity invariants"}}, {"pk": 210, "model": "core.concept", "fields": {"section": 37, "name": "Geometric interpretation of similarity invariants"}}, {"pk": 211, "model": "core.concept", "fields": {"section": 37, "name": "Eigenstuff of GLT"}}, {"pk": 212, "model": "core.concept", "fields": {"section": 38, "name": "Quadratic form in n variables"}}, {"pk": 213, "model": "core.concept", "fields": {"section": 38, "name": "The 4 main problems on quadratic forms"}}, {"pk": 214, "model": "core.concept", "fields": {"section": 38, "name": "Solution to the max/min problem of quadratic forms"}}, {"pk": 215, "model": "core.concept", "fields": {"section": 38, "name": "Positive definit matrices and forms"}}, {"pk": 216, "model": "core.concept", "fields": {"section": 38, "name": "Principal submatrices"}}, {"pk": 217, "model": "core.concept", "fields": {"section": 39, "name": "Diagonalization of quadratic forms"}}, {"pk": 218, "model": "core.concept", "fields": {"section": 39, "name": "Conic sections"}}, {"pk": 219, "model": "core.concept", "fields": {"section": 39, "name": "Cross-term products"}}, {"pk": 220, "model": "core.concept", "fields": {"section": 39, "name": "Elimination of cross-term products"}}, {"pk": 221, "model": "core.concept", "fields": {"section": 39, "name": "Principal Axes theorem for $\\mathbb{R}^2$"}}, {"pk": 222, "model": "core.concept", "fields": {"section": 40, "name": "Definition of a quadratic surface"}}, {"pk": 223, "model": "core.concept", "fields": {"section": 40, "name": "Eliminating cross-product terms in quadratic surfaces"}}, {"pk": 224, "model": "core.concept", "fields": {"section": 40, "name": "Principal Axes theorem for $\\mathbb{R}^3$"}}, {"pk": 1, "model": "core.question", "fields": {"category": "D", "index": "", "book_section": "3.1", "section": 1, "question": "Define when two vectors are equivalent.", "points": 1, "concepts": [], "answer": "When they have the same length and same direction, even if the initial andterminal points are not the same.\r\n", "book": 1}}, {"pk": 2, "model": "core.question", "fields": {"category": "X", "index": "3.1.11", "book_section": "3.1", "section": 1, "question": "Let $P$ be the point $(2, 3, -2)$ and $Q$ be the point $(7, -4, 1)$.\r\n<ul>\r\n<li> Find the midpoint of the line segment connecting $P$ and $Q$.\r\n<li> Find the point on the line segment connecting $P$ and $Q$ that is $\\frac{3}{4}$ of the way from $P$ to $Q$.\r\n</ul>", "points": 4, "concepts": [3], "answer": "<ul>\r\n<li> The midpoint is $\\frac{P+Q}{2} = (\\frac{9}{2}, -\\frac{1}{2}, -\\frac{1}{2}).$\r\n<li> The point $\\frac{3}{4}$ of the way from $P$ to $Q$ is $P + \\frac{3}{4}(Q - P) = \\frac{1}{4}P + \\frac{3}{4}Q = (\\frac{23}{4}, -\\frac{9}{4}, \\frac{1}{4}).$\r\n</ul>", "book": 1}}, {"pk": 3, "model": "core.question", "fields": {"category": "X", "index": "", "book_section": "1", "section": 41, "question": "If $ab = 0$ and $a$ and $b$ are real numbers, what can you say?", "points": 2, "concepts": [], "answer": "Suppose neither $a$ nor $b$ are 0. Then:\r\n\r\n$1 = 1/a 1/b ab = 1/a 1/b 0 = 0$.\r\n\r\nThus we have a contradiction, and one of $a$ or $b$ is zero.", "book": 3}}, {"pk": 4, "model": "core.question", "fields": {"category": "D", "index": "", "book_section": "1.2", "section": 41, "question": "Define a prime number $p \\in \\mathbb{N}$", "points": 1, "concepts": [], "answer": "A number is prime if $p > 1$ and its only positive divisors are $1$ and $p$.\r\n", "book": 3}}, {"pk": 5, "model": "core.question", "fields": {"category": "X", "index": "1.9", "book_section": "1", "section": 41, "question": "Verify the distributive property\r\n\r\n$$3 \\times (4 + 10)$$", "points": 2, "concepts": [], "answer": "$$3 \\times 14 = 42$$\r\n$$3 \\times 4 + 3 \\times 10 = 12 + 30 = 42$$\r\n", "book": 2}}, {"pk": 6, "model": "core.question", "fields": {"category": "X", "index": "3.16", "book_section": "3", "section": 41, "question": "Simplify \r\n$$-3 \\cdot (-6 + 6)$$", "points": 1, "concepts": [], "answer": "$$0$$\r\n", "book": 2}}, {"pk": 7, "model": "core.question", "fields": {"category": "X", "index": "4.12, 4.36", "book_section": "4", "section": 41, "question": "Simplify\r\n$$1/3 \\times 4/5 + 1/6 \\times 7/8$$\r\n$$1.41 \\times 1.41$$", "points": 2, "concepts": [], "answer": "$$4/15 + 7/48 = \\frac{4 \\times 16 + 7 \\times 5}{16 \\times 5 \\times 3} = \\frac{48+35}{240} = \\frac{83}{240}$$\r\n$$1.41 + 0.564 + 0.0141 = 1.9881$$\r\n", "book": 2}}, {"pk": 8, "model": "core.question", "fields": {"category": "X", "index": "1.2", "book_section": "1.2", "section": 41, "question": "List all prime numbers less than 20", "points": 1, "concepts": [], "answer": "2, 3, 5, 7, 11, 13, 17, 19\r\n", "book": 3}}, {"pk": 9, "model": "core.question", "fields": {"category": "X", "index": "1.37", "book_section": "1", "section": 41, "question": "If you add one number divisible by $n$ and one number not divisible by $n$,\r\nwill the result be divisible by $n? Explain.", "points": 3, "concepts": [], "answer": "If $a$ is divisible by $n$, then $a = kn$ and if $m$ is not then $m = k'n + c$\r\nwhere $c \\ne 0$. Then note that $a + b = (k+k')n + c$, so $a+b$ is NOT\r\ndivisible by $n$.\r\n", "book": 2}}, {"pk": 10, "model": "core.question", "fields": {"category": "X", "index": "3.39", "book_section": "3", "section": 41, "question": "When does \r\n$$|a + b| = |a| + |b|?$$", "points": 2, "concepts": [], "answer": "When $a$ and $b$ have the same sign.\r\n", "book": 2}}, {"pk": 11, "model": "core.question", "fields": {"category": "S", "index": "1", "book_section": "1", "section": 41, "question": "State the eight algebraic properties of the integers", "points": 4, "concepts": [], "answer": "1) a + b = b + a\r\n2) (a + b) + c = a + (b + c)\r\n3) 0 + a = a\r\n4) a + (-a) = 0\r\n5) a x b = b x a\r\n6) (a x b) x c = a x (b x c)\r\n7) a x 1 = a\r\n8) a x (b + c) = a x b + a x c\r\n\r\n\r\n", "book": 2}}, {"pk": 12, "model": "core.question", "fields": {"category": "D", "index": "", "book_section": "2", "section": 42, "question": "Explain the golden rule\r\n", "points": 1, "concepts": [], "answer": "Any correct transformation to two equal quantities results in two other equal\r\nquantities.", "book": 2}}, {"pk": 13, "model": "core.question", "fields": {"category": "X", "index": "2.18", "book_section": "2", "section": 42, "question": "Solve for $x$\r\n$$ax - b = cx + d.$$", "points": 2, "concepts": [], "answer": "$$x = \\frac{d - b}{a - c}.$$\r\n", "book": 2}}, {"pk": 14, "model": "core.question", "fields": {"category": "X", "index": "2.29", "book_section": "2", "section": 42, "question": "What three consecutive numbers add up to 75?\r\n", "points": 4, "concepts": [], "answer": "\r\n$$ x + (x+1) + (x+2) = 75$$\r\n$$ 3x + 3 = 75$$\r\n$$ 3x = 72$$\r\n$$  x = 24$$\r\n", "book": 2}}, {"pk": 15, "model": "core.question", "fields": {"category": "S", "index": "", "book_section": "2", "section": 42, "question": "State the properties of equality.\r\n\r\n", "points": 3, "concepts": [], "answer": "1. Reflexive: $a = a$.\r\n2. Symmetry: $a = b$ implies $b = a$.\r\n3. Transitive: $a = b$ and $b = c$ implies $a = c$.\r\n", "book": 2}}, {"pk": 16, "model": "core.question", "fields": {"category": "C", "index": "", "book_section": "5", "section": 43, "question": "Explain the motivation behind exponent conventions.\r\n", "points": 1, "concepts": [], "answer": "You can start with squares, cubes, etc. as very common operations (e.g. area),\r\nand then notice that you can extend.", "book": 2}}, {"pk": 17, "model": "core.question", "fields": {"category": "X", "index": "5.21", "book_section": "5", "section": 43, "question": "Simplify:\r\n$$16a^3b^4c/(8a^3b^6c^2)$$\r\n", "points": 2, "concepts": [], "answer": "Simplify:\r\n$$16a^3b^4c/(8a^3b^6c^2)$$", "book": 2}}, {"pk": 18, "model": "core.question", "fields": {"category": "X", "index": "5.33", "book_section": "5", "section": 43, "question": "The volume of a sphere is given by the formula $(4/3\\pi r^3$,where $\\pi$ is about 3.14 and $r$ is the radius of the sphere. The earth is approximately a sphere with radius about $6400$ kilometers. What is the volume of the earth (use scientific notation)?\r\n", "points": 5, "concepts": [], "answer": "$1.098 \\times 10^12$ cubic kilometers.\r\n", "book": 2}}, {"pk": 19, "model": "core.question", "fields": {"category": "S", "index": "", "book_section": "5", "section": 43, "question": "What are the Laws of Exponents?\r\n\r\n", "points": 4, "concepts": [], "answer": "$$x^a x^b = x^{a+b}$$\r\n$$(x^a)^b = x^{ab}$$\r\n$$\\frac{x^a}{x^b} = x^{a-b}$$\r\n$$(xy)^a = x^ay^a$$\r\n\r\n", "book": 2}}, {"pk": 20, "model": "core.question", "fields": {"category": "C", "index": "", "book_section": "6", "section": 44, "question": "Give an example of how a square root arises in geometry.\r\n", "points": 1, "concepts": [], "answer": "When examining the diagonal of a unit square\r\n", "book": 2}}, {"pk": 21, "model": "core.question", "fields": {"category": "X", "index": "6.3", "book_section": "6", "section": 44, "question": "Simplify $\\sqrt{9/16}$.\r\n", "points": 1, "concepts": [], "answer": "$3/4$\r\n\r\n", "book": 2}}, {"pk": 22, "model": "core.question", "fields": {"category": "X", "index": "6.17", "book_section": "6", "section": 44, "question": "Remove the radical from the denominator of $\\frac{1 + \\sqrt{2}}{1 - \\sqrt{2}}$.\r\n\r\n", "points": 1, "concepts": [], "answer": "$-3 - 2\\sqrt{2}$\r\n\r\n\r\n", "book": 2}}, {"pk": 23, "model": "core.question", "fields": {"category": "X", "index": "6.26", "book_section": "6", "section": 44, "question": "Simplify $\\sqrt[4]{1/256}$.\r\n\r\n\r\n", "points": 1, "concepts": [], "answer": "$\\frac{1}{4}$\r\n\r\n\r\n", "book": 2}}, {"pk": 24, "model": "core.question", "fields": {"category": "C", "index": "", "book_section": "7", "section": 45, "question": "Explain the goal of the Algebraic Expression Rule\r\n", "points": 2, "concepts": [], "answer": "The goal is to simplify the complexity of the algebraic expression, by either\r\nproducing fewer terms or perhaps fewer factors\r\n", "book": 2}}, {"pk": 25, "model": "core.question", "fields": {"category": "S", "index": "", "book_section": "7", "section": 45, "question": "State 3 generic rules involving combining $(a+b)$ and $(a-b)$.\r\n\r\n", "points": 3, "concepts": [], "answer": "1. $(a + b)^2 = a^2 + 2ab + b^2$\r\n\r\n2. $(a - b)^2 = a^2 - 2ab + b^2$\r\n\r\n3. $(a - b)(a + b) = a^2 - b^2$\r\n", "book": 2}}, {"pk": 26, "model": "core.question", "fields": {"category": "D", "index": "", "book_section": "7", "section": 45, "question": "Define an algebraic expression\r\n\r\n\r\n", "points": 1, "concepts": [], "answer": "A collection of numbers and letters representing numbers that are connected by arithmetic operation signs, such as $+$, $-$, $/$ or $\\cdot$.\r\n\r\n", "book": 2}}, {"pk": 27, "model": "core.question", "fields": {"category": "D", "index": "", "book_section": "7", "section": 45, "question": "Define a term\r\n\r\n\r\n\r\n", "points": 1, "concepts": [], "answer": "The part of an algebraic expression that are separated by $\\pm$.\r\n\r\n\r\n", "book": 2}}, {"pk": 28, "model": "core.question", "fields": {"category": "D", "index": "", "book_section": "7", "section": 45, "question": "Define monomomial, binomial and trinomial algebraic expressions.\r\n\r\n\r\n\r\n\r\n", "points": 1, "concepts": [], "answer": "A 1-, 2-, or 3-term algebraic expression [resp.]\r\n\r\n\r\n\r\n", "book": 2}}, {"pk": 29, "model": "core.question", "fields": {"category": "X", "index": "7.23", "book_section": "7", "section": 45, "question": "Multiply $[(2x + 1) + (2a + 1)][(3x - 1) + (3a - 1)]$\r\n\r\n\r\n\r\n\r\n", "points": 1, "concepts": [], "answer": "$$6x^2 + 2x + 12ax + 2a + 6a^2 - 4$$\r\n\r\n\r\n\r\n\r\n", "book": 2}}, {"pk": 30, "model": "core.question", "fields": {"category": "X", "index": "7.25", "book_section": "7", "section": 45, "question": "Multiply out $(1+x)^3$.\r\n\r\n\r\n\r\n\r\n", "points": 1, "concepts": [], "answer": "$$1 + 3x + 3x^2 + x^3$$\r\n\r\n\r\n\r\n\r\n\r\n", "book": 2}}, {"pk": 31, "model": "core.question", "fields": {"category": "X", "index": "7.32", "book_section": "7", "section": 45, "question": "Write the following algebraic expression in the form $Ax^2 + Bxy + Cy^2 + Dx + Ey + F = 0$:\r\n$$(x - 3)^2/16 + (y + 3)^2/9 = 1$$\r\n\r\n\r\n\r\n\r\n", "points": 3, "concepts": [], "answer": "$$[x^2 - 6x + 9]/16 + [y^2 + 6y + 9]/9 = 1$$\r\n\r\n\r\n\r\n\r\n\r\n\r\n", "book": 2}}, {"pk": 32, "model": "core.question", "fields": {"category": "X", "index": "7.35", "book_section": "7", "section": 45, "question": "Calculate: 155^2 - 154^2 simply.\r\n\r\n\r\n\r\n\r\n", "points": 2, "concepts": [], "answer": "$$= (155 - 154)(155 + 154) = 1 \\cdot 309 = 309$$\r\n\r\n\r\n\r\n\r\n\r\n\r\n\r\n", "book": 2}}, {"pk": 33, "model": "core.question", "fields": {"category": "S", "index": "", "book_section": "7", "section": 45, "question": "State the Algebraic Expression Rule\r\n\r\n\r\n\r\n\r\n\r\n", "points": 1, "concepts": [], "answer": "Combine all of the like terms into one term.\r\n\r\n\r\n\r\n\r\n\r\n\r\n\r\n\r\n", "book": 2}}, {"pk": 34, "model": "core.question", "fields": {"category": "S", "index": "", "book_section": "7", "section": 45, "question": "State the Distributive property of algebraic expressions.\r\n\r\n\r\n\r\n\r\n\r\n\r\n", "points": 1, "concepts": [], "answer": "$$a(b+c) = ab + bc$$\r\n\r\n\r\n\r\n\r\n\r\n\r\n\r\n\r\n\r\n", "book": 2}}, {"pk": 35, "model": "core.question", "fields": {"category": "S", "index": "", "book_section": "7", "section": 45, "question": "State the FOIL method\r\n\r\n\r\n\r\n\r\n\r\n\r\n\r\n", "points": 1, "concepts": [], "answer": "$$(a + b)(c + d) = ac + ad + bc + bd\r\n\r\n\r\n\r\n\r\n\r\n\r\n\r\n\r\n\r\n\r\n", "book": 2}}, {"pk": 36, "model": "core.question", "fields": {"category": "C", "index": "", "book_section": "8", "section": 46, "question": "Give a motivation for the development of functions\r\n", "points": 3, "concepts": [], "answer": "Consider a table of values for common values: area versus side length, fall\r\ntime versus drop height, etc. This will lead to the idea of a function as a\r\nshortcut.\r\n", "book": 2}}, {"pk": 37, "model": "core.question", "fields": {"category": "D", "index": "", "book_section": "8", "section": 46, "question": "Define a function, domain and range.\r\n\r\n", "points": 3, "concepts": [], "answer": "A function $f$ is an assignment of a value $y$ to any quantity $x$. We denote\r\nthis assignment as $y = f(x)$. The set of possible $x$ is called the domain,\r\nand the set of possible $y$ is called the range.\r\n\r\n", "book": 2}}, {"pk": 38, "model": "core.question", "fields": {"category": "D", "index": "", "book_section": "8", "section": 46, "question": "Define an inverse function\r\n\r\n\r\n", "points": 1, "concepts": [], "answer": "$g$ is the inverse of $f$ if for all $x$, $f(g(x)) = x$.\r\n\r\n\r\n", "book": 2}}, {"pk": 39, "model": "core.question", "fields": {"category": "X", "index": "8.11, 13, 15, 17", "book_section": "8", "section": 46, "question": "Let $f(x) = x^2 + 2x + 2$. Evaluate: $f(0), $f(-1)$, $f(a)$, $f(x + h) - f(x)$.\r\n\r\n\r\n\r\n", "points": 4, "concepts": [], "answer": "2, 1, $a^2 + 2a + 2$, $2xh + 2h + h^2$.\r\n\r\n\r\n\r\n", "book": 2}}, {"pk": 40, "model": "core.question", "fields": {"category": "C", "index": "", "book_section": "9", "section": 47, "question": "Explain how a pair of numbers represents a point in a north-east plane.\r\n", "points": 1, "concepts": [], "answer": "The first number is the distance east of the origin while the second number is\r\nthe distance north.", "book": 2}}, {"pk": 41, "model": "core.question", "fields": {"category": "D", "index": "", "book_section": "9", "section": 47, "question": "Define an ordered pair\r\n\r\n", "points": 1, "concepts": [], "answer": "A pair of numbers written $(x, y)$.\r\n", "book": 2}}, {"pk": 42, "model": "core.question", "fields": {"category": "D", "index": "", "book_section": "9", "section": 47, "question": "What is the slope of the line going between the points $(x_1, y_1)$ and $(x_2, y_2)$?\r\n\r\n\r\n", "points": 1, "concepts": [], "answer": "$$m = \\frac{ y_2 - y_1 }{ x_2 - x_1 }$$\r\n\r\n", "book": 2}}, {"pk": 43, "model": "core.question", "fields": {"category": "D", "index": "", "book_section": "9", "section": 47, "question": "Define the y-intercept of a line\r\n\r\n\r\n\r\n", "points": 1, "concepts": [], "answer": "The y value of where the x-value is zero.\r\n\r\n\r\n", "book": 2}}, {"pk": 44, "model": "core.question", "fields": {"category": "X", "index": "9.6", "book_section": "9", "section": 47, "question": "What is the distance between $(16, 4)$ and $(0, -3)$?\r\n\r\n\r\n\r\n", "points": 1, "concepts": [], "answer": "17.464\r\n\r\n\r\n\r\n", "book": 2}}, {"pk": 45, "model": "core.question", "fields": {"category": "X", "index": "", "book_section": "9", "section": 47, "question": "Draw the graph of $y = |x + 2| - 2$.\r\n\r\n\r\n\r\n\r\n", "points": 4, "concepts": [], "answer": "\r\n\r\n\r\n", "book": 2}}, {"pk": 46, "model": "core.question", "fields": {"category": "X", "index": "9.16", "book_section": "9", "section": 47, "question": "Find the coordinates of the points where the line $2x + y = 10$ cross the $x$ and $y$ axes.\r\n\r\n\r\n\r\n\r\n", "points": 3, "concepts": [], "answer": "$$x = 0, y = 10; x = 5, y = 0$$\r\n\r\n", "book": 2}}, {"pk": 47, "model": "core.question", "fields": {"category": "X", "index": "9.24", "book_section": "9", "section": 47, "question": "Find the equation of a line with slope $100$ and passes through the point $(1025, 1030)$.\r\n\r\n\r\n\r\n\r\n", "points": 5, "concepts": [], "answer": "$$(y - 1030)/(x - 1025) = 100; y = 100x - 101470$$\r\n\r\n\r\n", "book": 2}}, {"pk": 48, "model": "core.question", "fields": {"category": "D", "index": "", "book_section": "9", "section": 47, "question": "What is the distance from the origin of a point $(x, y)$?\r\n\r\n\r\n\r\n\r\n\r\n", "points": 1, "concepts": [], "answer": "$$d = \\sqrt{x^2 + y^2}$$\r\n\r\n\r\n\r\n", "book": 2}}, {"pk": 49, "model": "core.question", "fields": {"category": "D", "index": "", "book_section": "9", "section": 47, "question": "What is the distance between two points $(x_1, y_1)$ and $(x_2, y_2)$.\r\n\r\n\r\n\r\n\r\n\r\n\r\n", "points": 1, "concepts": [], "answer": "$$d = \\sqrt{ (x_2 - x_1)^2 + (y_2 - y_1)^2 }$$\r\n\r\n\r\n\r\n\r\n", "book": 2}}, {"pk": 50, "model": "core.question", "fields": {"category": "C", "index": "", "book_section": "9", "section": 47, "question": "If $m$ is the slope of a line and $b$ is the $y$-intercept, what is the\r\nequation of the line?\r\n\r\n\r\n\r\n\r\n\r\n\r\n", "points": 1, "concepts": [], "answer": "$$y = mx + b$$\r\n\r\n\r\n\r\n\r\n\r\n", "book": 2}}, {"pk": 51, "model": "core.question", "fields": {"category": "C", "index": "", "book_section": "10", "section": 48, "question": "Explain what the intersection of two graphs represents?\r\n", "points": 2, "concepts": [], "answer": "When two graphs (of $f$ and $g$) intersect, then $f(x) = g(x)$ thus it's a\r\nsolution to two simultaneous equations.", "book": 2}}, {"pk": 52, "model": "core.question", "fields": {"category": "C", "index": "", "book_section": "10", "section": 48, "question": "Explain how to solve a system of two linear equations\r\n\r\n", "points": 2, "concepts": [], "answer": "Solve one equation for x, substitute this into the second, solve for y, and\r\nthen back-solve for x.", "book": 2}}, {"pk": 53, "model": "core.question", "fields": {"category": "C", "index": "", "book_section": "10", "section": 48, "question": "If two simultaneous linear equations have no solution what does this say about the lines?\r\n\r\n\r\n", "points": 1, "concepts": [], "answer": "They are the same line.\r\n\r\n", "book": 2}}, {"pk": 54, "model": "core.question", "fields": {"category": "D", "index": "", "book_section": "10", "section": 48, "question": "Define a system of two simultaneous equations.\r\n\r\n\r\n\r\n", "points": 1, "concepts": [], "answer": "Two equations:\r\n$$y = f(x)$$\r\n$$y = g(x)$$\r\n\r\n", "book": 2}}, {"pk": 55, "model": "core.question", "fields": {"category": "X", "index": "10.1 and 10.3", "book_section": "10", "section": 48, "question": "Solve the following systems of equations for x and y:\r\n\r\n$$y = 10 + 2x$$\r\n$$y = 4.5x$$\r\n\r\n$$y = 10 + 2x$$\r\n$$y = 2x$$\r\n\r\n", "points": 3, "concepts": [], "answer": "$$x = 4, y = 18$$\r\n\r\n", "book": 2}}, {"pk": 56, "model": "core.question", "fields": {"category": "X", "index": "10.29", "book_section": "10", "section": 48, "question": "Farmer Floran has a total 33 cows and chickens. Altogether the\r\nanimals have 90 feet. How many cows and how many chickens are there?\r\n\r\n", "points": 4, "concepts": [], "answer": "12 cows and 21 chickens\r\n\r\n\r\n", "book": 2}}, {"pk": 57, "model": "core.question", "fields": {"category": "C", "index": "", "book_section": "11", "section": 49, "question": "Explain how to solve a quadratic equation via factoring.\r\n", "points": 2, "concepts": [], "answer": "If we can write $ax^2 + bx +c = d(x - e)(x - f) = 0$ then if $d \\ne 0$, since\r\ntwo non-zero numbers cannot multiply to be zero (See\r\nAlgebra/000/Number_Properties) one of $x - e = 0$ or $x - f = 0$, or\r\nequivalently, $ x = e $ or $x = f$.", "book": 2}}, {"pk": 58, "model": "core.question", "fields": {"category": "C", "index": "", "book_section": "11", "section": 49, "question": "Can a quadratic equation have one rational solution and one irrational?\r\n\r\n", "points": 1, "concepts": [], "answer": "If the coefficients of the equation are all rational, then no.\r\n", "book": 2}}, {"pk": 59, "model": "core.question", "fields": {"category": "S", "index": "", "book_section": "11", "section": 49, "question": "Give a condition for whether the solutions to a quadratic equation will be\r\nrational.\r\n\r\n\r\n", "points": 1, "concepts": [], "answer": "If $b^2 - 4ac$ is a square.\r\n\r\n", "book": 2}}, {"pk": 60, "model": "core.question", "fields": {"category": "D", "index": "", "book_section": "11", "section": 49, "question": "Define a polynomial\r\n\r\n\r\n\r\n", "points": 1, "concepts": [], "answer": "A polynomial is a multinomial in which each term contains $x$ raises to a\r\nwhole-number power.\r\n\r\n", "book": 2}}, {"pk": 61, "model": "core.question", "fields": {"category": "D", "index": "", "book_section": "11", "section": 49, "question": "Define the degree of a polynomial. Define a quadratic polynomial\r\n\r\n\r\n\r\n\r\n", "points": 1, "concepts": [], "answer": "The degree is the highest power of $x$. A quadratic is a second-degree\r\npolynomial.\r\n\r\n", "book": 2}}, {"pk": 62, "model": "core.question", "fields": {"category": "X", "index": "11.25", "book_section": "11", "section": 49, "question": "Solve \r\n$$y^2 + (3 1/3)y + 1 = 0$$\r\nby factoring.\r\n\r\n\r\n\r\n\r\n", "points": 2, "concepts": [], "answer": "$$x = -1/3, -3$$\r\n\r\n\r\n", "book": 2}}, {"pk": 63, "model": "core.question", "fields": {"category": "X", "index": "11.30-34", "book_section": "11", "section": 49, "question": "Which of these algebraic expressions are polynomials:\r\n1. $2^2 - 6x - 4$\r\n2. $x^3 + x^2 + x + 1 + x^{-1} + x^{-2} + x^{-3}$\r\n3. $(x^2 + 3x + 4)/(x-5)$\r\n4. $(1/2)gt^2 + 40$\r\n5. $(1/y)(y^3 + 3y^2 + 3y + y)$\r\n\r\n\r\n\r\n\r\n", "points": 2, "concepts": [], "answer": "1. Yes\r\n2. No\r\n3. No.\r\n4. Yes\r\n5. It can be transformed into a polynomial.\r\n\r\n\r\n", "book": 2}}, {"pk": 64, "model": "core.question", "fields": {"category": "X", "index": "11.43", "book_section": "11", "section": 49, "question": "Solve \r\n$$x^2 + 3x - 18 = 0$$\r\nby using the quadratic equation.\r\n\r\n\r\n\r\n\r\n", "points": 3, "concepts": [], "answer": "$$x = 3, -6$$\r\n\r\n\r\n", "book": 2}}, {"pk": 65, "model": "core.question", "fields": {"category": "X", "index": "11.57", "book_section": "11", "section": 49, "question": "Solve for $x$:\r\n$$2/x + 4/x^2 = 0$$\r\n\r\n\r\n\r\n\r\n\r\n", "points": 1, "concepts": [], "answer": "x = -2\r\n\r\n\r\n\r\n", "book": 2}}, {"pk": 66, "model": "core.question", "fields": {"category": "X", "index": "11.59", "book_section": "11", "section": 49, "question": "Solve for $x$:\r\n$$\\sqrt{5x - 6} = x$$\r\n\r\n\r\n\r\n\r\n\r\n", "points": 2, "concepts": [], "answer": "$x = 3, 2$\r\n\r\n\r\n\r\n\r\n", "book": 2}}, {"pk": 67, "model": "core.question", "fields": {"category": "X", "index": "11.68", "book_section": "11", "section": 49, "question": "Create a quadratic equation with solutions $x = 2 + \\sqrt{5}$ or\r\n$x = 2 - \\sqrt{5}$.\r\n\r\n\r\n\r\n\r\n\r\n", "points": 2, "concepts": [], "answer": "$$x^2 - 4x - 1 = 0$$\r\n\r\n\r\n\r\n\r\n\r\n", "book": 2}}, {"pk": 68, "model": "core.question", "fields": {"category": "P", "index": "", "book_section": "11", "section": 49, "question": "Prove the quadratic formula\r\n\r\n\r\n\r\n\r\n\r\n\r\n", "points": 5, "concepts": [], "answer": "Consider a general quadratic and complete the square:\r\n$$ax^2 + bx + c = 0$$\r\n$$x^2 + bx/a + c/a = 0$$\r\n$$x^2 + bx/a + c/a -c/a + \\frac{1}{4}(b/a)^2 = -c/a + \\frac{1}{4}(b/a)^2$$\r\n$$(x + \\frac{1}{2}(b/a))^2 = -c/a + \\frac{1}{4}(b/a)^2$$\r\n$$(x + \\frac{1}{2}(b/a))^2 = -ca/a^2 + \\frac{1}{4}(b/a)^2$$\r\n$$(x + \\frac{1}{2}(b/a))^2 = (-4ca + b)/(4a^2)$$\r\n$$x + \\frac{1}{2}(b/a) = \\pm sqrt{-4ca + b}/(2a)$$\r\n$$x = \\frac{-b \\pm sqrt{b-4ac}}{2a}$$\r\n\r\n\r\n\r\n\r\n\r\n\r\n", "book": 2}}, {"pk": 69, "model": "core.question", "fields": {"category": "C", "index": "", "book_section": "11", "section": 49, "question": "Given $x^2 + bx +c = 0$, what do you need to add to complete the square?\r\n\r\n\r\n\r\n\r\n\r\n\r\n\r\n", "points": 2, "concepts": [], "answer": "$$(x +\\frac{1}{2}b)^2 = x^2 + bx + \\frac{1}{4}b^2$$\r\nSo add $\\frac{1}{4}b^2 - c$.\r\n\r\n\r\n\r\n\r\n\r\n", "book": 2}}, {"pk": 70, "model": "core.question", "fields": {"category": "C", "index": "", "book_section": "11", "section": 49, "question": "Explain how to deal with non-monic quadratics w.r.t. completing the square.\r\n\r\n\r\n\r\n\r\n\r\n\r\n\r\n\r\n", "points": 1, "concepts": [], "answer": "Factor out $a$ and complete the square. Then write\r\n$$(x- h)^2 + k$$\r\n\r\n\r\n\r\n\r\n\r\n", "book": 2}}, {"pk": 71, "model": "core.question", "fields": {"category": "S", "index": "", "book_section": "11", "section": 49, "question": "State the quadratic equation:\r\n\r\n\r\n\r\n\r\n\r\n\r\n\r\n\r\n\r\n", "points": 1, "concepts": [], "answer": "$$x = \\frac{-b \\pm \\sqrt{ b^2 - 4ac } }{2a}$$\r\n\r\n\r\n\r\n\r\n\r\n\r\n", "book": 2}}, {"pk": 72, "model": "core.question", "fields": {"category": "D", "index": "", "book_section": "12", "section": 50, "question": "Define a circle\r\n", "points": 1, "concepts": [], "answer": "A circle is the set of points (in a plane) such that every point on the circle\r\nis the same distance (called the radius) from a fixed point (called the\r\ncenter).\r\n", "book": 2}}, {"pk": 73, "model": "core.question", "fields": {"category": "D", "index": "", "book_section": "12", "section": 50, "question": "Define an ellipse\r\n\r\n\r\n", "points": 2, "concepts": [], "answer": "An ellipse is the set of all points (in a plane) such that the sum of the\r\ndistances to two fixed points is a constant. The two fixed points are called\r\nthe foci.\r\n\r\n", "book": 2}}, {"pk": 74, "model": "core.question", "fields": {"category": "D", "index": "", "book_section": "12", "section": 50, "question": "Define the eccentricity of an ellipse\r\n\r\n\r\n\r\n", "points": 1, "concepts": [], "answer": "It is the distance between focal points divided by the length of the major\r\naxis.\r\n\r\n", "book": 2}}, {"pk": 75, "model": "core.question", "fields": {"category": "D", "index": "", "book_section": "12", "section": 50, "question": "Define a parabola\r\n\r\n\r\n\r\n\r\n", "points": 1, "concepts": [], "answer": "A parabola is a set of all points such that the distance to a fixed point\r\n(called the focus) is the same as the distance to a fixed line (called the\r\ndirectrix).\r\n", "book": 2}}, {"pk": 76, "model": "core.question", "fields": {"category": "X", "index": "12.17", "book_section": "12", "section": 50, "question": "Sketch the circle\r\n$$(x-5)^2 + (y-1)^2 = 16$$\r\n\r\n\r\n\r\n\r\n", "points": 2, "concepts": [], "answer": "\r\n", "book": 2}}, {"pk": 77, "model": "core.question", "fields": {"category": "X", "index": "12.17", "book_section": "12", "section": 50, "question": "Identify the center and radius of the circle:\r\n$$x^2 + 4x + y^2 + 2y + 2 = 0$$\r\n\r\n\r\n\r\n\r\n", "points": 2, "concepts": [], "answer": "$$h = -2$$\r\n$$k = -1$$\r\n$$r = \\sqrt{3}$$\r\n", "book": 2}}, {"pk": 78, "model": "core.question", "fields": {"category": "X", "index": "12.36", "book_section": "12", "section": 50, "question": "Calculate the eccentricity of the ellipse:\r\n$$x^2/10000 + y^2/(95^2) = 1$$\r\n\r\n\r\n\r\n\r\n", "points": 2, "concepts": [], "answer": "$$e = 0.312$$\r\n\r\n", "book": 2}}, {"pk": 79, "model": "core.question", "fields": {"category": "X", "index": "12.50", "book_section": "12", "section": 50, "question": "Identify the focus point and the equation of the directrix for\r\nthe parabola:\r\n$$y - 5 = (1/4)(x + 3)^2$$\r\n\r\n\r\n\r\n\r\n", "points": 2, "concepts": [], "answer": "$$(3, -6)$$\r\n$$y = 4$$\r\n\r\n", "book": 2}}, {"pk": 80, "model": "core.question", "fields": {"category": "P", "index": "12.32", "book_section": "12", "section": 50, "question": "Show that if $x$ is the $x$-coordinate of a point on an ellipse,\r\nthen $y$ can be found from the formula $y = \\pm b \\sqrt{1- x^2/a}$. (The center\r\nis at the origin, the semimajor axis has length $a$ while the semiminor has\r\nlength $b$)\r\n\r\n\r\n\r\n\r\n", "points": 3, "concepts": [], "answer": "$$x^2/a^2 + y^2/b^2 = 1$$\r\n$$y^2/b^2 = 1 - x^2/a^2$$\r\n$$y^2  = b^2(1 - x^2/a^2)$$\r\n$$y = \\pm b\\sqrt{1 - x^2/a^2}$$\r\n\r\n", "book": 2}}, {"pk": 81, "model": "core.question", "fields": {"category": "C", "index": "", "book_section": "12", "section": 50, "question": "Verify the equation of a circle of radius $r$ centered at $(a, b)$.\r\n\r\n\r\n\r\n\r\n\r\n", "points": 1, "concepts": [], "answer": "If a point is a distance $r$ from $(a, b)$ then\r\n$$r = \\sqrt{ (x-a)^2 + (y-b)^2 }$$\r\n$$r^2 = (x-a)^2 + (y-b)^2$$\r\n\r\n\r\n", "book": 2}}, {"pk": 82, "model": "core.question", "fields": {"category": "P", "index": "", "book_section": "12", "section": 50, "question": "Find the equation for a parabola with focus at $(0, a)$ and directrix at line\r\n$y = -a$.\r\n\r\n\r\n\r\n\r\n\r\n\r\n", "points": 3, "concepts": [], "answer": "The distance of a point $(x, y)$ to the focus $= \\sqrt{ (y - a)^2 +(x-0)^2 }$.\r\n\r\nThe distance of a point $(x, y)$ to the directrix $=y+a$\r\n\r\nThus:\r\n\r\n$$y+a = \\sqrt{ (y-a)^2 + x^2 }$$\r\n$$(y+a)^2 = |(y-a)^2 + x^2| = (y-a)^2 + x^2$$\r\n$$y^2 + 2ay + a^2 = y^2 -2ay + a^2 + x^2$$\r\n$$4ay  = x^2$$\r\n$$y  = \\frac{1}{4a}x^2$$\r\n\r\n\r\n", "book": 2}}, {"pk": 83, "model": "core.question", "fields": {"category": "D", "index": "", "book_section": "12", "section": 50, "question": "Give the equation of a circle with center $(a, b)$ and radius $r$.\r\n\r\n\r\n\r\n\r\n\r\n\r\n\r\n", "points": 1, "concepts": [], "answer": "$$(x - a)^2 + (y - b)^2 = r^2$$\r\n\r\n\r\n\r\n", "book": 2}}, {"pk": 84, "model": "core.question", "fields": {"category": "S", "index": "", "book_section": "12", "section": 50, "question": "Give a formula for the eccentricity of an ellipse:\r\n$$x^2/a^2 + y^2/b^2 = 1$$\r\n\r\n\r\n\r\n\r\n\r\n\r\n\r\n", "points": 1, "concepts": [], "answer": "$$e = \\sqrt{ \\frac{a^2 - b^2}{a^2} }$$\r\n\r\n\r\n\r\n\r\n", "book": 2}}, {"pk": 85, "model": "core.question", "fields": {"category": "S", "index": "", "book_section": "12", "section": 50, "question": "Give the formula for a parabola with vertex $(h, k)$ and focus $(h, k + a)$:\r\n\r\n\r\n\r\n\r\n\r\n\r\n\r\n\r\n", "points": 1, "concepts": [], "answer": "$$(y - k) = \\frac{1}{4a}(x-h)^2\r\n\r\n\r\n\r\n\r\n\r\n", "book": 2}}, {"pk": 86, "model": "core.question", "fields": {"category": "C", "index": "", "book_section": "13", "section": 51, "question": "Using the turning point rules, characterize roots of polynomials.\r\n", "points": 2, "concepts": [], "answer": "If the degree of the polynomial is odd, then it has an even number of turning\r\npoints, so it must have one solution since at the tails it points opposite\r\nways.\r\n", "book": 2}}, {"pk": 87, "model": "core.question", "fields": {"category": "X", "index": "13.3", "book_section": "13", "section": 51, "question": "Solve these equations for the unknown:\r\n\r\n1) $2x^3 - 3x^2 - 5x = 0$\r\n\r\n2) $x^4  -13x^2 + 36 = 0$\r\n", "points": 4, "concepts": [], "answer": "1) x = 0, -1, 5/2\r\n2) x = \\pm 2, \\pm 3\r\n", "book": 2}}, {"pk": 88, "model": "core.question", "fields": {"category": "X", "index": "13.39", "book_section": "13", "section": 51, "question": "Find the solutions to these equations using the rational roots\r\ntheorem and synthetic division:\r\n$$x^3-16x^2+65x-50 = 0$$\r\n\r\n", "points": 4, "concepts": [], "answer": "$x = 1, 5, 10$\r\n\r\n", "book": 2}}, {"pk": 89, "model": "core.question", "fields": {"category": "S", "index": "13.39", "book_section": "13", "section": 51, "question": "Characterize the number of turning points of a polynomial in terms of the\r\npolynomial degree\r\n\r\n", "points": 1, "concepts": [], "answer": "A polynomial curve of degree $n$ has a maximum of $n-1$ turning points.\r\n\r\n\r\n", "book": 2}}, {"pk": 90, "model": "core.question", "fields": {"category": "S", "index": "", "book_section": "13", "section": 51, "question": "What can you say about even and odd polynomials?\r\n\r\n\r\n", "points": 1, "concepts": [], "answer": "An even [odd] polynomial will have an odd [even] number of turning points.\r\n\r\n\r\n\r\n", "book": 2}}, {"pk": 91, "model": "core.question", "fields": {"category": "S", "index": "", "book_section": "13", "section": 51, "question": "State the rational root theorem\r\n\r\n\r\n\r\n", "points": 1, "concepts": [], "answer": "If f is a polynomial with integer coefficients, then each rational root can be \r\nexpressed as a fraction in which the numerator is a factor of the constant term,\r\nand denominaotr a factor of the leading coefficient.\r\n\r\n\r\n\r\n", "book": 2}}, {"pk": 92, "model": "core.question", "fields": {"category": "D", "index": "", "book_section": "14", "section": 52, "question": "Define a geometric series\r\n", "points": 1, "concepts": [], "answer": "A series in which the ratio between two consecutive terms is constant.\r\n", "book": 2}}, {"pk": 93, "model": "core.question", "fields": {"category": "X", "index": "14.3", "book_section": "14", "section": 52, "question": "Write using summation notation the sum of all even numbers from\r\n20 to 60.\r\n\r\n", "points": 1, "concepts": [], "answer": "$$\\sum_{i = 10}^{30} 2i$$\r\n\r\n", "book": 2}}]
