[{"pk": 1, "model": "core.course", "fields": {"department": "M", "semester": "F", "number": 215, "name": "Linear Algebra", "year": 1995}}, {"pk": 2, "model": "core.course", "fields": {"department": "C", "semester": "U", "number": 1, "name": "Learning Perl", "year": 1996}}, {"pk": 1, "model": "core.section", "fields": {"category": "L", "course": 1, "number": 1, "title": "Vectors in 2- and 3-space"}}, {"pk": 2, "model": "core.section", "fields": {"category": "L", "course": 1, "number": 2, "title": "Dot Products and Projections"}}, {"pk": 3, "model": "core.section", "fields": {"category": "L", "course": 1, "number": 3, "title": "Lines and Planes in 3-space"}}, {"pk": 4, "model": "core.section", "fields": {"category": "L", "course": 1, "number": 4, "title": "Systems of Linear Equations"}}, {"pk": 5, "model": "core.section", "fields": {"category": "L", "course": 1, "number": 5, "title": "Matrices"}}, {"pk": 6, "model": "core.section", "fields": {"category": "L", "course": 1, "number": 6, "title": "Inverses"}}, {"pk": 7, "model": "core.section", "fields": {"category": "L", "course": 1, "number": 7, "title": "Elementary Matrices and Row Opeartions"}}, {"pk": 8, "model": "core.section", "fields": {"category": "L", "course": 1, "number": 8, "title": "Main Theorem on Invertibility"}}, {"pk": 9, "model": "core.section", "fields": {"category": "L", "course": 1, "number": 9, "title": "Diagonal, Triangular and Symmetric Matrices"}}, {"pk": 10, "model": "core.section", "fields": {"category": "L", "course": 1, "number": 10, "title": "The Determinant Function"}}, {"pk": 11, "model": "core.section", "fields": {"category": "L", "course": 1, "number": 11, "title": "Evaluating Determinants"}}, {"pk": 12, "model": "core.section", "fields": {"category": "L", "course": 1, "number": 12, "title": "Properties of Determinants"}}, {"pk": 13, "model": "core.section", "fields": {"category": "L", "course": 1, "number": 13, "title": "Cofactor Expansion and Cramer's Rule"}}, {"pk": 14, "model": "core.section", "fields": {"category": "L", "course": 1, "number": 14, "title": "Cross Product"}}, {"pk": 15, "model": "core.section", "fields": {"category": "L", "course": 1, "number": 15, "title": "Euclidean $n$-space"}}, {"pk": 16, "model": "core.section", "fields": {"category": "L", "course": 1, "number": 16, "title": "Linear Transformations of Euclidean $n$-space"}}, {"pk": 17, "model": "core.section", "fields": {"category": "L", "course": 1, "number": 17, "title": "Properties of Linear Transformations"}}, {"pk": 18, "model": "core.section", "fields": {"category": "L", "course": 1, "number": 18, "title": "Real Vector Spaces"}}, {"pk": 19, "model": "core.section", "fields": {"category": "L", "course": 1, "number": 19, "title": "Subspaces"}}, {"pk": 20, "model": "core.section", "fields": {"category": "L", "course": 1, "number": 20, "title": "Linear Independence"}}, {"pk": 21, "model": "core.section", "fields": {"category": "L", "course": 1, "number": 21, "title": "Basis and Dimension"}}, {"pk": 22, "model": "core.section", "fields": {"category": "L", "course": 1, "number": 22, "title": "Row Space, Column Space and Nullspace"}}, {"pk": 23, "model": "core.section", "fields": {"category": "L", "course": 1, "number": 23, "title": "Rank and Nullity"}}, {"pk": 24, "model": "core.section", "fields": {"category": "L", "course": 1, "number": 24, "title": "Inner Product Spaces"}}, {"pk": 25, "model": "core.section", "fields": {"category": "L", "course": 1, "number": 25, "title": "Orthogonality"}}, {"pk": 26, "model": "core.section", "fields": {"category": "L", "course": 1, "number": 26, "title": "Orthonormal Bases"}}, {"pk": 27, "model": "core.section", "fields": {"category": "L", "course": 1, "number": 27, "title": "Best Approximation and Least Squares"}}, {"pk": 28, "model": "core.section", "fields": {"category": "L", "course": 1, "number": 28, "title": "Orthogonal Matrices and Change of Basis"}}, {"pk": 29, "model": "core.section", "fields": {"category": "L", "course": 1, "number": 29, "title": "Eigenvalues and Eigenvectors"}}, {"pk": 30, "model": "core.section", "fields": {"category": "L", "course": 1, "number": 30, "title": "Diagonalization"}}, {"pk": 31, "model": "core.section", "fields": {"category": "L", "course": 1, "number": 31, "title": "Orthogonal Diagonalization"}}, {"pk": 32, "model": "core.section", "fields": {"category": "L", "course": 1, "number": 32, "title": "Approximation and Fourier Series"}}, {"pk": 33, "model": "core.section", "fields": {"category": "L", "course": 1, "number": 33, "title": "General Linear Transformations"}}, {"pk": 34, "model": "core.section", "fields": {"category": "L", "course": 1, "number": 34, "title": "Kernel and Range"}}, {"pk": 35, "model": "core.section", "fields": {"category": "L", "course": 1, "number": 35, "title": "Inverse Linear Transformations"}}, {"pk": 36, "model": "core.section", "fields": {"category": "L", "course": 1, "number": 36, "title": "Matrices of General Linear Transformations"}}, {"pk": 37, "model": "core.section", "fields": {"category": "L", "course": 1, "number": 37, "title": "Similarity"}}, {"pk": 38, "model": "core.section", "fields": {"category": "L", "course": 1, "number": 38, "title": "Quadratic Forms"}}, {"pk": 39, "model": "core.section", "fields": {"category": "L", "course": 1, "number": 39, "title": "Diagonalizing Quadratic Forms; Conic Sections"}}, {"pk": 40, "model": "core.section", "fields": {"category": "L", "course": 1, "number": 40, "title": "Quadric Surfaces"}}, {"pk": 1, "model": "core.book", "fields": {"edition": "", "author": "Howard Anton", "title": "Elementary Linear Algebra"}}, {"pk": 1, "model": "core.concept", "fields": {"section": 1, "name": "Geometric Vectors"}}, {"pk": 2, "model": "core.concept", "fields": {"section": 1, "name": "Geometry of Vector Arithmetic"}}, {"pk": 3, "model": "core.concept", "fields": {"section": 1, "name": "Vectors in Coordinate Systems"}}, {"pk": 4, "model": "core.concept", "fields": {"section": 1, "name": "Translation of Axes"}}, {"pk": 5, "model": "core.concept", "fields": {"section": 1, "name": "8 properties of vectors in 2- or 3-space"}}, {"pk": 6, "model": "core.concept", "fields": {"section": 1, "name": "Norm of a vector"}}, {"pk": 7, "model": "core.concept", "fields": {"section": 1, "name": "Unit Vectors"}}, {"pk": 8, "model": "core.concept", "fields": {"section": 1, "name": "Distance between vectors"}}, {"pk": 9, "model": "core.concept", "fields": {"section": 3, "name": "Planes in 3-space"}}, {"pk": 10, "model": "core.concept", "fields": {"section": 3, "name": "General form of equation of a plane in 3-space"}}, {"pk": 11, "model": "core.concept", "fields": {"section": 3, "name": "Vector Form of the equation of a plane"}}, {"pk": 12, "model": "core.concept", "fields": {"section": 3, "name": "Parametric equations for lines in 3-space"}}, {"pk": 13, "model": "core.concept", "fields": {"section": 3, "name": "Vector form of the equation of a line"}}, {"pk": 14, "model": "core.concept", "fields": {"section": 3, "name": "Distance between a point and a plane."}}, {"pk": 15, "model": "core.concept", "fields": {"section": 3, "name": "Distance between 2 parallel planes"}}, {"pk": 16, "model": "core.concept", "fields": {"section": 2, "name": "Dot Product of Vectors"}}, {"pk": 17, "model": "core.concept", "fields": {"section": 2, "name": "Component formula for the dot product of vectors"}}, {"pk": 18, "model": "core.concept", "fields": {"section": 2, "name": "Finding the angle between vectors"}}, {"pk": 19, "model": "core.concept", "fields": {"section": 2, "name": "Orthogonal vectors"}}, {"pk": 20, "model": "core.concept", "fields": {"section": 2, "name": "4 properties of dot products of vectors in 2- and 3-space"}}, {"pk": 21, "model": "core.concept", "fields": {"section": 2, "name": "orthogonal projections"}}, {"pk": 22, "model": "core.concept", "fields": {"section": 2, "name": "complement of orthogonal projection"}}, {"pk": 23, "model": "core.concept", "fields": {"section": 4, "name": "Linear Systems"}}, {"pk": 24, "model": "core.concept", "fields": {"section": 4, "name": "Elementary Row Operations"}}, {"pk": 25, "model": "core.concept", "fields": {"section": 4, "name": "Reduced Row-Echelon Form"}}, {"pk": 26, "model": "core.concept", "fields": {"section": 4, "name": "Gaussian Elimination"}}, {"pk": 27, "model": "core.concept", "fields": {"section": 4, "name": "Back-Substitution"}}, {"pk": 28, "model": "core.concept", "fields": {"section": 4, "name": "Homogeneous Linear Systems"}}, {"pk": 29, "model": "core.concept", "fields": {"section": 4, "name": "For a H.L.S. where unknowns > equations implies infinitely many solutions."}}, {"pk": 30, "model": "core.concept", "fields": {"section": 5, "name": "Matrices"}}, {"pk": 31, "model": "core.concept", "fields": {"section": 5, "name": "Matrix Arithmetic (not including multiplication)"}}, {"pk": 32, "model": "core.concept", "fields": {"section": 5, "name": "Matrix Multiplication"}}, {"pk": 33, "model": "core.concept", "fields": {"section": 5, "name": "Partition matrices and multiplication"}}, {"pk": 34, "model": "core.concept", "fields": {"section": 5, "name": "Transpose of a matrix"}}, {"pk": 35, "model": "core.concept", "fields": {"section": 5, "name": "Trace of a matrix"}}, {"pk": 36, "model": "core.concept", "fields": {"section": 6, "name": "Invertibility of a transpose"}}, {"pk": 37, "model": "core.concept", "fields": {"section": 6, "name": "13 properties of matrix arithmetic"}}, {"pk": 38, "model": "core.concept", "fields": {"section": 6, "name": "zero matrix and identity properties"}}, {"pk": 39, "model": "core.concept", "fields": {"section": 6, "name": "Identity matrix and identity properties"}}, {"pk": 40, "model": "core.concept", "fields": {"section": 6, "name": "inverse of a matrix"}}, {"pk": 41, "model": "core.concept", "fields": {"section": 6, "name": "An invertible matrix has exactly one inverse"}}, {"pk": 42, "model": "core.concept", "fields": {"section": 6, "name": "Inverses of AB"}}, {"pk": 43, "model": "core.concept", "fields": {"section": 6, "name": "powers of a matrix"}}, {"pk": 44, "model": "core.concept", "fields": {"section": 6, "name": "Properties of the transpose"}}, {"pk": 45, "model": "core.concept", "fields": {"section": 7, "name": "Elementary matrices"}}, {"pk": 46, "model": "core.concept", "fields": {"section": 7, "name": "Relationship b/w elementary matrices, H.L.S, invertibility and r.r-e form."}}, {"pk": 47, "model": "core.concept", "fields": {"section": 7, "name": "Row equivalence"}}, {"pk": 48, "model": "core.concept", "fields": {"section": 7, "name": "Algorithm for matrix inversion via Gaussian elemination"}}, {"pk": 49, "model": "core.concept", "fields": {"section": 8, "name": "System of linear equations have 0, 1 or $\\infty$ solutions"}}, {"pk": 50, "model": "core.concept", "fields": {"section": 8, "name": "Right or left inverses suffice"}}, {"pk": 51, "model": "core.concept", "fields": {"section": 8, "name": "Main theorem on inveritibilty v2"}}, {"pk": 52, "model": "core.concept", "fields": {"section": 9, "name": "Diagonal Matrices"}}, {"pk": 53, "model": "core.concept", "fields": {"section": 9, "name": "Triangular matrices and invertibility"}}, {"pk": 54, "model": "core.concept", "fields": {"section": 9, "name": "Symmetric matrices and inverses"}}, {"pk": 55, "model": "core.concept", "fields": {"section": 9, "name": "Matrices of the form $AA^T$ or $A^TA$"}}, {"pk": 56, "model": "core.concept", "fields": {"section": 10, "name": "Permutations basics (enough for determinants)"}}, {"pk": 57, "model": "core.concept", "fields": {"section": 10, "name": "Definition of a determinant in terms of signed elementary products"}}, {"pk": 58, "model": "core.concept", "fields": {"section": 10, "name": "Determinant function"}}, {"pk": 59, "model": "core.concept", "fields": {"section": 10, "name": "$2\\times2$ and $3\\times3$ determinant formula"}}, {"pk": 60, "model": "core.concept", "fields": {"section": 11, "name": "Det lemma: row or column of zeros imply det = 0"}}, {"pk": 61, "model": "core.concept", "fields": {"section": 11, "name": "Determinant of triangular matrices"}}, {"pk": 62, "model": "core.concept", "fields": {"section": 11, "name": "Effect of elementary row operations on a determinant"}}, {"pk": 63, "model": "core.concept", "fields": {"section": 11, "name": "Determinants of elementary matrices"}}, {"pk": 64, "model": "core.concept", "fields": {"section": 11, "name": "Determinants calculated by row reduction"}}, {"pk": 65, "model": "core.concept", "fields": {"section": 12, "name": "Det of sums and scalar products"}}, {"pk": 66, "model": "core.concept", "fields": {"section": 12, "name": "Determinant of matrix product via elementary decomposition"}}, {"pk": 67, "model": "core.concept", "fields": {"section": 12, "name": "Determinant test for invertibility"}}, {"pk": 68, "model": "core.concept", "fields": {"section": 12, "name": "Systems of the form $Ax = \\lambda x$"}}, {"pk": 69, "model": "core.concept", "fields": {"section": 13, "name": "Minors and Cofactors"}}, {"pk": 70, "model": "core.concept", "fields": {"section": 13, "name": "Determinants via Cofactor expansion"}}, {"pk": 71, "model": "core.concept", "fields": {"section": 13, "name": "Adjoint of a matrix"}}, {"pk": 72, "model": "core.concept", "fields": {"section": 13, "name": "Adjoint formula for the inverse of a matrix - a theoretical formula"}}, {"pk": 73, "model": "core.concept", "fields": {"section": 13, "name": "Cramer's Rule"}}, {"pk": 74, "model": "core.concept", "fields": {"section": 13, "name": "Application of adjoint formula to triangular matrices"}}, {"pk": 75, "model": "core.concept", "fields": {"section": 14, "name": "Cross product of vectors"}}, {"pk": 76, "model": "core.concept", "fields": {"section": 14, "name": "Basic properties of cross products"}}, {"pk": 77, "model": "core.concept", "fields": {"section": 14, "name": "Determinant formula for cross product"}}, {"pk": 78, "model": "core.concept", "fields": {"section": 14, "name": "Geometric interpretation of cross product"}}, {"pk": 79, "model": "core.concept", "fields": {"section": 14, "name": "Scalar triple product"}}, {"pk": 80, "model": "core.concept", "fields": {"section": 14, "name": "Geometric interpretation of determinants"}}, {"pk": 81, "model": "core.concept", "fields": {"section": 14, "name": "independence of cross products and coordinates"}}, {"pk": 82, "model": "core.concept", "fields": {"section": 15, "name": "Vectors in $n$-space"}}, {"pk": 83, "model": "core.concept", "fields": {"section": 15, "name": "8 basic properties of $n$-space"}}, {"pk": 84, "model": "core.concept", "fields": {"section": 15, "name": "Euclidean inner-product and it's basic properties"}}, {"pk": 85, "model": "core.concept", "fields": {"section": 15, "name": "Norm and distance in Euclidean $n$-space"}}, {"pk": 86, "model": "core.concept", "fields": {"section": 15, "name": "Cauchy-Schwarz Inequality in $\\mathbf{R}^n$"}}, {"pk": 87, "model": "core.concept", "fields": {"section": 15, "name": "Basic properties of norm and distance in Euclidean $n$-space"}}, {"pk": 88, "model": "core.concept", "fields": {"section": 15, "name": "Orthogonality in Euclidean $n$-space"}}, {"pk": 89, "model": "core.concept", "fields": {"section": 15, "name": "Theorem of Pythagoras for $\\mathbb{R}^n$"}}, {"pk": 90, "model": "core.concept", "fields": {"section": 15, "name": "A dot product view of matrix multiplication"}}, {"pk": 91, "model": "core.concept", "fields": {"section": 16, "name": "Review of Functions from $\\mathbb{R}^n \\to $\\mathbb{R}$"}}, {"pk": 92, "model": "core.concept", "fields": {"section": 16, "name": "Functions from $\\mathbb{R}^n \\to $\\mathbb{R}^m$"}}, {"pk": 93, "model": "core.concept", "fields": {"section": 16, "name": "LInear transformations"}}, {"pk": 94, "model": "core.concept", "fields": {"section": 16, "name": "Projection Operators"}}, {"pk": 95, "model": "core.concept", "fields": {"section": 16, "name": "Rotation Operators"}}, {"pk": 96, "model": "core.concept", "fields": {"section": 16, "name": "Dilation and Contraction Operators"}}, {"pk": 97, "model": "core.concept", "fields": {"section": 16, "name": "Composition of Linear Transformations"}}, {"pk": 98, "model": "core.concept", "fields": {"section": 17, "name": "One-to-one linear transformations and relation to underlying matrix"}}, {"pk": 99, "model": "core.concept", "fields": {"section": 17, "name": "Inverse of a one-to-one linear operator"}}, {"pk": 100, "model": "core.concept", "fields": {"section": 17, "name": "Linearity properties"}}, {"pk": 101, "model": "core.concept", "fields": {"section": 17, "name": "Representation of matrix in terms of images of standard basis vectors"}}, {"pk": 102, "model": "core.concept", "fields": {"section": 17, "name": "Geometric interpretation of Eigenvectors"}}, {"pk": 103, "model": "core.concept", "fields": {"section": 18, "name": "Axioms of Real vector spaces"}}, {"pk": 104, "model": "core.concept", "fields": {"section": 18, "name": "Examples of various vectors spaces and non-spaces"}}, {"pk": 105, "model": "core.concept", "fields": {"section": 18, "name": "properties of 0 and -1 in a vector space"}}, {"pk": 106, "model": "core.concept", "fields": {"section": 19, "name": "Definition of a subspace"}}, {"pk": 107, "model": "core.concept", "fields": {"section": 19, "name": "Examples of subspaces"}}, {"pk": 108, "model": "core.concept", "fields": {"section": 19, "name": "Solution space of H.L.S. as a subspace"}}, {"pk": 109, "model": "core.concept", "fields": {"section": 19, "name": "Linear combinations of vectors"}}, {"pk": 110, "model": "core.concept", "fields": {"section": 19, "name": "Definition of spaning space"}}, {"pk": 111, "model": "core.concept", "fields": {"section": 20, "name": "Definition of Linearly [in]dependent sets"}}, {"pk": 112, "model": "core.concept", "fields": {"section": 20, "name": "Explanation of L.I. in terms of expressibility in L.C."}}, {"pk": 113, "model": "core.concept", "fields": {"section": 20, "name": "Geometric interpretation of L.I."}}, {"pk": 114, "model": "core.concept", "fields": {"section": 20, "name": "Wronskian and linear independence of functions"}}, {"pk": 115, "model": "core.concept", "fields": {"section": 21, "name": "Definition of a basis"}}, {"pk": 116, "model": "core.concept", "fields": {"section": 21, "name": "Coordinates relative to a basis"}}, {"pk": 117, "model": "core.concept", "fields": {"section": 21, "name": "Standard bases"}}, {"pk": 118, "model": "core.concept", "fields": {"section": 21, "name": "Key lemma in proof of well-defined dimension"}}, {"pk": 119, "model": "core.concept", "fields": {"section": 21, "name": "Dimension of a vector space"}}, {"pk": 120, "model": "core.concept", "fields": {"section": 21, "name": "Plus/Minus theorem"}}, {"pk": 121, "model": "core.concept", "fields": {"section": 21, "name": "Dimension and subspaces"}}, {"pk": 122, "model": "core.concept", "fields": {"section": 22, "name": "Definition of Row, Column and nullspaces"}}, {"pk": 123, "model": "core.concept", "fields": {"section": 22, "name": "Relationship between consistent systems and column spaces"}}, {"pk": 124, "model": "core.concept", "fields": {"section": 22, "name": "Relationships between solutions of Ax=b and $Ax=0"}}, {"pk": 125, "model": "core.concept", "fields": {"section": 22, "name": "Effect of elementary row operations on null and row spaces"}}, {"pk": 126, "model": "core.concept", "fields": {"section": 22, "name": "row equivalence preservers L.I."}}, {"pk": 127, "model": "core.concept", "fields": {"section": 22, "name": "Finding row, column and nullspace bases"}}, {"pk": 128, "model": "core.concept", "fields": {"section": 23, "name": "Row space and column space have the same dimension"}}, {"pk": 129, "model": "core.concept", "fields": {"section": 23, "name": "Definition of rank and nullity"}}, {"pk": 130, "model": "core.concept", "fields": {"section": 23, "name": "Dimension theorem (also known as rank-nullity theorem)"}}, {"pk": 131, "model": "core.concept", "fields": {"section": 23, "name": "The Consistency theorem"}}, {"pk": 132, "model": "core.concept", "fields": {"section": 23, "name": "Relationship between rank and consistent linear systems"}}, {"pk": 133, "model": "core.concept", "fields": {"section": 24, "name": "Axioms of a real inner product space"}}, {"pk": 134, "model": "core.concept", "fields": {"section": 24, "name": "Weighted inner products"}}, {"pk": 135, "model": "core.concept", "fields": {"section": 24, "name": "Length and distance in inner product spaces"}}, {"pk": 136, "model": "core.concept", "fields": {"section": 24, "name": "Unit spheres"}}, {"pk": 137, "model": "core.concept", "fields": {"section": 24, "name": "Inner product spaces generated by matrices"}}, {"pk": 138, "model": "core.concept", "fields": {"section": 24, "name": "5 basic properties of inner products"}}, {"pk": 139, "model": "core.concept", "fields": {"section": 25, "name": "Cauchy-Schwarz Inequality in an inner product space"}}, {"pk": 140, "model": "core.concept", "fields": {"section": 25, "name": "4 properties of length and 4 properties of distance in inner product spaces"}}, {"pk": 141, "model": "core.concept", "fields": {"section": 25, "name": "Angle between vectors"}}, {"pk": 142, "model": "core.concept", "fields": {"section": 25, "name": "Orthogonality in inner product spaces"}}, {"pk": 143, "model": "core.concept", "fields": {"section": 25, "name": "Generalized theorem of Pythagoras"}}, {"pk": 144, "model": "core.concept", "fields": {"section": 25, "name": "Orthogonal Complements"}}, {"pk": 145, "model": "core.concept", "fields": {"section": 25, "name": "Geometric link between nullspace and rowspaces"}}, {"pk": 146, "model": "core.concept", "fields": {"section": 26, "name": "Orthogonal or Orthonormal bases"}}, {"pk": 147, "model": "core.concept", "fields": {"section": 26, "name": "Coordinates relative to orthonormal basis"}}, {"pk": 148, "model": "core.concept", "fields": {"section": 26, "name": "Coordinates relative to orthogonal bases"}}, {"pk": 149, "model": "core.concept", "fields": {"section": 26, "name": "Orthogonal projection and the projection theorem"}}, {"pk": 150, "model": "core.concept", "fields": {"section": 26, "name": "Gram-Schmidt process"}}, {"pk": 151, "model": "core.concept", "fields": {"section": 26, "name": "QR-decomposition"}}, {"pk": 152, "model": "core.concept", "fields": {"section": 27, "name": "Best Approximation theorem and orthogonal projection"}}, {"pk": 153, "model": "core.concept", "fields": {"section": 27, "name": "The least squares problem"}}, {"pk": 154, "model": "core.concept", "fields": {"section": 27, "name": "normal systems and the solution of"}}, {"pk": 155, "model": "core.concept", "fields": {"section": 27, "name": "Uniqueness of Least Squares Solutions"}}, {"pk": 156, "model": "core.concept", "fields": {"section": 27, "name": "Orthogonal Projection Operator"}}, {"pk": 157, "model": "core.concept", "fields": {"section": 27, "name": "Least squares solution"}}, {"pk": 158, "model": "core.concept", "fields": {"section": 27, "name": "Least squares fit of a polynomial"}}, {"pk": 159, "model": "core.concept", "fields": {"section": 28, "name": "Orthogonal matrix and three definitions"}}, {"pk": 160, "model": "core.concept", "fields": {"section": 28, "name": "Orthogonal matrices as linear operators"}}, {"pk": 161, "model": "core.concept", "fields": {"section": 28, "name": "Change of basis problem"}}, {"pk": 162, "model": "core.concept", "fields": {"section": 28, "name": "Solution to the change of basis problem"}}, {"pk": 163, "model": "core.concept", "fields": {"section": 28, "name": "Transition matrix"}}, {"pk": 164, "model": "core.concept", "fields": {"section": 28, "name": "Transition matrices are invertible and intepretation of the inverse"}}, {"pk": 165, "model": "core.concept", "fields": {"section": 28, "name": "Transition matrices between orthonormal bases"}}, {"pk": 166, "model": "core.concept", "fields": {"section": 28, "name": "Application to Rotation of Coordinate Axes"}}, {"pk": 167, "model": "core.concept", "fields": {"section": 29, "name": "Review of eigen stuff"}}, {"pk": 168, "model": "core.concept", "fields": {"section": 29, "name": "Eigenvalues of triangular matrices"}}, {"pk": 169, "model": "core.concept", "fields": {"section": 29, "name": "Finding bases for eigenspaces"}}, {"pk": 170, "model": "core.concept", "fields": {"section": 29, "name": "Eigenvalues of the powers of a matrix"}}, {"pk": 171, "model": "core.concept", "fields": {"section": 29, "name": "Eigenvalues and invertibility"}}, {"pk": 172, "model": "core.concept", "fields": {"section": 30, "name": "The Eigenvalue problem"}}, {"pk": 173, "model": "core.concept", "fields": {"section": 30, "name": "The Diagonalization problem"}}, {"pk": 174, "model": "core.concept", "fields": {"section": 30, "name": "Equivalence of Eigenvalue and Diagonalization problem"}}, {"pk": 175, "model": "core.concept", "fields": {"section": 30, "name": "Procedure to diagonalize a matrix"}}, {"pk": 176, "model": "core.concept", "fields": {"section": 30, "name": "Eigenvectors from distinct eigenvalues are L.I."}}, {"pk": 177, "model": "core.concept", "fields": {"section": 30, "name": "Criteria for matrix to be diagonalizable"}}, {"pk": 178, "model": "core.concept", "fields": {"section": 30, "name": "Geometric and algebraic multiplicity"}}, {"pk": 179, "model": "core.concept", "fields": {"section": 31, "name": "Orthogonal eigenvector problem"}}, {"pk": 180, "model": "core.concept", "fields": {"section": 31, "name": "Orthogonal diagonalization problem"}}, {"pk": 181, "model": "core.concept", "fields": {"section": 31, "name": "Orthogonally diagonalizable iff symmetric"}}, {"pk": 182, "model": "core.concept", "fields": {"section": 31, "name": "eigenvectors from different eigenspaces are orthgonal in a symmetric matrix"}}, {"pk": 183, "model": "core.concept", "fields": {"section": 31, "name": "Procedure for diagonalization of symmetric matrices"}}, {"pk": 184, "model": "core.concept", "fields": {"section": 31, "name": "Statement that eigenvalues of symmetric matrix are real, but no proof."}}, {"pk": 185, "model": "core.concept", "fields": {"section": 32, "name": "The Approximation Problem"}}, {"pk": 186, "model": "core.concept", "fields": {"section": 32, "name": "Mean Square error"}}, {"pk": 187, "model": "core.concept", "fields": {"section": 32, "name": "Least Squares Approximation Problem"}}, {"pk": 188, "model": "core.concept", "fields": {"section": 32, "name": "Solution of Least Squares Approximation Problem"}}, {"pk": 189, "model": "core.concept", "fields": {"section": 32, "name": "Fourier Series"}}, {"pk": 190, "model": "core.concept", "fields": {"section": 33, "name": "General Linear Transformation"}}, {"pk": 191, "model": "core.concept", "fields": {"section": 33, "name": "Examples of General Linear Transformations"}}, {"pk": 192, "model": "core.concept", "fields": {"section": 33, "name": "3 Properties of G.L.T."}}, {"pk": 193, "model": "core.concept", "fields": {"section": 33, "name": "Finding linear transformations from images of basis vectors"}}, {"pk": 194, "model": "core.concept", "fields": {"section": 33, "name": "Composition of General linear transformations"}}, {"pk": 195, "model": "core.concept", "fields": {"section": 34, "name": "Definition of Kernel and Range"}}, {"pk": 196, "model": "core.concept", "fields": {"section": 34, "name": "Kernel and Range are subspaces"}}, {"pk": 197, "model": "core.concept", "fields": {"section": 34, "name": "Rank and nullity of G.L.T. relation to rank and nullity of matrix"}}, {"pk": 198, "model": "core.concept", "fields": {"section": 34, "name": "Dimension theorem for G.L.T."}}, {"pk": 199, "model": "core.concept", "fields": {"section": 35, "name": "One-to-one G.L.T."}}, {"pk": 200, "model": "core.concept", "fields": {"section": 35, "name": "Relationship between one-to-one GLT, Kernel and nullity"}}, {"pk": 201, "model": "core.concept", "fields": {"section": 35, "name": "Inverse linear transformation"}}, {"pk": 202, "model": "core.concept", "fields": {"section": 35, "name": "Inverses of compositions of GLT"}}, {"pk": 203, "model": "core.concept", "fields": {"section": 36, "name": "Matrices of Linear Transformations"}}, {"pk": 204, "model": "core.concept", "fields": {"section": 36, "name": "Matrices of Linear Operators"}}, {"pk": 205, "model": "core.concept", "fields": {"section": 36, "name": "Matrices of compositions and inverse transformations of a G.L.T."}}, {"pk": 206, "model": "core.concept", "fields": {"section": 37, "name": "Relationship b/w transition matrices and identity operators"}}, {"pk": 207, "model": "core.concept", "fields": {"section": 37, "name": "Effect of changing bases on matrices of linear operators"}}, {"pk": 208, "model": "core.concept", "fields": {"section": 37, "name": "Definition of similar matrices"}}, {"pk": 209, "model": "core.concept", "fields": {"section": 37, "name": "Examples of similarity invariants"}}, {"pk": 210, "model": "core.concept", "fields": {"section": 37, "name": "Geometric interpretation of similarity invariants"}}, {"pk": 211, "model": "core.concept", "fields": {"section": 37, "name": "Eigenstuff of GLT"}}, {"pk": 212, "model": "core.concept", "fields": {"section": 38, "name": "Quadratic form in n variables"}}, {"pk": 213, "model": "core.concept", "fields": {"section": 38, "name": "The 4 main problems on quadratic forms"}}, {"pk": 214, "model": "core.concept", "fields": {"section": 38, "name": "Solution to the max/min problem of quadratic forms"}}, {"pk": 215, "model": "core.concept", "fields": {"section": 38, "name": "Positive definit matrices and forms"}}, {"pk": 216, "model": "core.concept", "fields": {"section": 38, "name": "Principal submatrices"}}, {"pk": 217, "model": "core.concept", "fields": {"section": 39, "name": "Diagonalization of quadratic forms"}}, {"pk": 218, "model": "core.concept", "fields": {"section": 39, "name": "Conic sections"}}, {"pk": 219, "model": "core.concept", "fields": {"section": 39, "name": "Cross-term products"}}, {"pk": 220, "model": "core.concept", "fields": {"section": 39, "name": "Elimination of cross-term products"}}, {"pk": 221, "model": "core.concept", "fields": {"section": 39, "name": "Principal Axes theorem for $\\mathbb{R}^2$"}}, {"pk": 222, "model": "core.concept", "fields": {"section": 40, "name": "Definition of a quadratic surface"}}, {"pk": 223, "model": "core.concept", "fields": {"section": 40, "name": "Eliminating cross-product terms in quadratic surfaces"}}, {"pk": 224, "model": "core.concept", "fields": {"section": 40, "name": "Principal Axes theorem for $\\mathbb{R}^3$"}}, {"pk": 1, "model": "core.question", "fields": {"category": "D", "index": "", "book_section": "3.1", "section": 1, "question": "Define when two vectors are equivalent.", "points": 1, "answer": "When they have the same length and same direction, even if the initial andterminal points are not the same.\r\n", "book": 1}}]